NationalDex,Name,EvFrom,R,B,Y,G,S,C,R,S,E,FR,LG,D,P,Platinum,HG,SS,B1,W1,B2,W2,X,Y,OR,AS,S,M,US,UM,LGP,LGE,Sword,Shield
1,Bubby,0,1,1,2,3,3,3,3,3,3,1,1,3,3,3,1,1,3,3,3,3,1,1,3,3,3,3,1,1,1,1,3,3
2,Ivysaur,1,1,1,2,3,3,3,3,3,3,1,1,3,3,3,1,1,3,3,3,3,1,1,3,3,3,3,1,1,1,1,3,3
3,Venusaur,2,1,1,2,3,3,3,3,3,3,1,1,3,3,3,1,1,3,3,3,3,1,1,3,3,3,3,1,1,1,1,3,3
4,Charmander,0,1,1,1,3,3,3,3,3,3,1,1,3,3,3,1,1,3,3,3,3,1,1,3,3,3,3,1,1,1,1,3,3
5,Charmeleon,4,1,1,1,3,3,3,3,3,3,1,1,3,3,3,1,1,3,3,3,3,1,1,3,3,3,3,1,1,1,1,3,3
6,Charizard,5,,,,,,,,,,,,,,,,,,,,,,,,,,,,,,,3,3
7,Squirtle,0,,,,,,,,,,,,,,,,,,,,,,,,,,,,,,,3,3
8,Wartortle,7,,,,,,,,,,,,,,,,,,,,,,,,,,,,,,,3,3
9,Blastoise,8,,,,,,,,,,,,,,,,,,,,,,,,,,,,,,,3,3
10,Caterpie,0,,,,,,,,,,,,,,,,,,,,,,,,,,,,,,,3,3
11,Metapod,10,,,,,,,,,,,,,,,,,,,,,,,,,,,,,,,3,3
12,Butterfree,11,,,,,,,,,,,,,,,,,,,,,,,,,,,,,,,3,3
13,Weedle,0,,,,,,,,,,,,,,,,,,,,,,,,,,,,,,,3,3
14,Kakuna,13,,,,,,,,,,,,,,,,,,,,,,,,,,,,,,,3,3
15,Beedrill,14,,,,,,,,,,,,,,,,,,,,,,,,,,,,,,,3,3
16,Pidgey,0,,,,,,,,,,,,,,,,,,,,,,,,,,,,,,,3,3
17,Pidgeotto,16,,,,,,,,,,,,,,,,,,,,,,,,,,,,,,,3,3
18,Pidgeot,17,,,,,,,,,,,,,,,,,,,,,,,,,,,,,,,3,3
19,Rattata,0,,,,,,,,,,,,,,,,,,,,,,,,,,,,,,,3,3
20,Raticate,19,,,,,,,,,,,,,,,,,,,,,,,,,,,,,,,3,3
21,Spearow,0,,,,,,,,,,,,,,,,,,,,,,,,,,,,,,,3,3
22,Fearow,21,,,,,,,,,,,,,,,,,,,,,,,,,,,,,,,3,3
23,Ekans,0,,,,,,,,,,,,,,,,,,,,,,,,,,,,,,,3,3
24,Arbok,23,,,,,,,,,,,,,,,,,,,,,,,,,,,,,,,3,3
25,Pikachu,172,,,,,,,,,,,,,,,,,,,,,,,,,,,,,,,3,3
26,Raichu,25,,,,,,,,,,,,,,,,,,,,,,,,,,,,,,,3,3
27,Sandshrew,0,,,,,,,,,,,,,,,,,,,,,,,,,,,,,,,3,3
28,Sandslash,27,,,,,,,,,,,,,,,,,,,,,,,,,,,,,,,3,3
29,Nidoran♀,0,,,,,,,,,,,,,,,,,,,,,,,,,,,,,,,3,3
30,Nidorina,29,,,,,,,,,,,,,,,,,,,,,,,,,,,,,,,3,3
31,Nidoqueen,30,,,,,,,,,,,,,,,,,,,,,,,,,,,,,,,3,3
32,Nidoran♂,0,,,,,,,,,,,,,,,,,,,,,,,,,,,,,,,3,3
33,Nidorino,32,,,,,,,,,,,,,,,,,,,,,,,,,,,,,,,3,3
34,Nidoking,33,,,,,,,,,,,,,,,,,,,,,,,,,,,,,,,3,3
35,Clefairy,173,,,,,,,,,,,,,,,,,,,,,,,,,,,,,,,3,3
36,Clefable,35,,,,,,,,,,,,,,,,,,,,,,,,,,,,,,,3,3
37,Vulpix,0,,,,,,,,,,,,,,,,,,,,,,,,,,,,,,,3,3
38,Ninetales,37,,,,,,,,,,,,,,,,,,,,,,,,,,,,,,,3,3
39,Jigglypuff,174,,,,,,,,,,,,,,,,,,,,,,,,,,,,,,,3,3
40,Wigglytuff,39,,,,,,,,,,,,,,,,,,,,,,,,,,,,,,,3,3
41,Zubat,0,,,,,,,,,,,,,,,,,,,,,,,,,,,,,,,3,3
42,Golbat,41,,,,,,,,,,,,,,,,,,,,,,,,,,,,,,,3,3
43,Oddish,0,,,,,,,,,,,,,,,,,,,,,,,,,,,,,,,3,3
44,Gloom,43,,,,,,,,,,,,,,,,,,,,,,,,,,,,,,,3,3
45,Vileplume,44,,,,,,,,,,,,,,,,,,,,,,,,,,,,,,,3,3
46,Paras,0,,,,,,,,,,,,,,,,,,,,,,,,,,,,,,,3,3
47,Parasect,,,,,,,,,,,,,,,,,,,,,,,,,,,,,,,,3,3
48,Venonat,,,,,,,,,,,,,,,,,,,,,,,,,,,,,,,,3,3
49,Venomoth,,,,,,,,,,,,,,,,,,,,,,,,,,,,,,,,3,3
50,Diglett,,,,,,,,,,,,,,,,,,,,,,,,,,,,,,,,3,3
51,Dugtrio,,,,,,,,,,,,,,,,,,,,,,,,,,,,,,,,3,3
52,Meowth,,,,,,,,,,,,,,,,,,,,,,,,,,,,,,,,3,3
53,Persian,,,,,,,,,,,,,,,,,,,,,,,,,,,,,,,,3,3
54,Psyduck,,,,,,,,,,,,,,,,,,,,,,,,,,,,,,,,3,3
55,Golduck,,,,,,,,,,,,,,,,,,,,,,,,,,,,,,,,3,3
56,Mankey,,,,,,,,,,,,,,,,,,,,,,,,,,,,,,,,3,3
57,Primeape,,,,,,,,,,,,,,,,,,,,,,,,,,,,,,,,3,3
58,Growlithe,,,,,,,,,,,,,,,,,,,,,,,,,,,,,,,,3,3
59,Arcanine,,,,,,,,,,,,,,,,,,,,,,,,,,,,,,,,3,3
60,Poliwag,,,,,,,,,,,,,,,,,,,,,,,,,,,,,,,,3,3
61,Poliwhirl,,,,,,,,,,,,,,,,,,,,,,,,,,,,,,,,3,3
62,Poliwrath,,,,,,,,,,,,,,,,,,,,,,,,,,,,,,,,3,3
63,Abra,0,1,1,1,,,,,,,,,,,,,,,,,,,,,,,,,,,,3,3
64,Kadabra,63,1,1,1,,,,,,,,,,,,,,,,,,,,,,,,,,,,3,3
65,Alakazam,64,3,3,3,,,,,,,,,,,,,,,,,,,,,,,,,,,,3,3
66,Machop,,,,,,,,,,,,,,,,,,,,,,,,,,,,,,,,3,3
67,Machoke,,,,,,,,,,,,,,,,,,,,,,,,,,,,,,,,3,3
68,Machamp,,,,,,,,,,,,,,,,,,,,,,,,,,,,,,,,3,3
69,Bellsprout,,,,,,,,,,,,,,,,,,,,,,,,,,,,,,,,3,3
70,Weepinbell,,,,,,,,,,,,,,,,,,,,,,,,,,,,,,,,3,3
71,Victreebel,,,,,,,,,,,,,,,,,,,,,,,,,,,,,,,,3,3
72,Tentacool,,,,,,,,,,,,,,,,,,,,,,,,,,,,,,,,3,3
73,Tentacruel,,,,,,,,,,,,,,,,,,,,,,,,,,,,,,,,3,3
74,Geodude,,,,,,,,,,,,,,,,,,,,,,,,,,,,,,,,3,3
75,Graveler,,,,,,,,,,,,,,,,,,,,,,,,,,,,,,,,3,3
76,Golem,,,,,,,,,,,,,,,,,,,,,,,,,,,,,,,,3,3
77,Ponyta,,,,,,,,,,,,,,,,,,,,,,,,,,,,,,,,3,3
78,Rapidash,,,,,,,,,,,,,,,,,,,,,,,,,,,,,,,,3,3
79,Slowpoke,,,,,,,,,,,,,,,,,,,,,,,,,,,,,,,,3,3
80,Slowbro,,,,,,,,,,,,,,,,,,,,,,,,,,,,,,,,3,3
81,Magnemite,,,,,,,,,,,,,,,,,,,,,,,,,,,,,,,,3,3
82,Magneton,,,,,,,,,,,,,,,,,,,,,,,,,,,,,,,,3,3
83,Farfetch'd,,,,,,,,,,,,,,,,,,,,,,,,,,,,,,,,3,3
84,Doduo,,,,,,,,,,,,,,,,,,,,,,,,,,,,,,,,3,3
85,Dodrio,,,,,,,,,,,,,,,,,,,,,,,,,,,,,,,,3,3
86,Seel,,,,,,,,,,,,,,,,,,,,,,,,,,,,,,,,3,3
87,Dewgong,,,,,,,,,,,,,,,,,,,,,,,,,,,,,,,,3,3
88,Grimer,,,,,,,,,,,,,,,,,,,,,,,,,,,,,,,,3,3
89,Muk,,,,,,,,,,,,,,,,,,,,,,,,,,,,,,,,3,3
90,Shellder,,,,,,,,,,,,,,,,,,,,,,,,,,,,,,,,3,3
91,Cloyster,,,,,,,,,,,,,,,,,,,,,,,,,,,,,,,,3,3
92,Gastly,,,,,,,,,,,,,,,,,,,,,,,,,,,,,,,,3,3
93,Haunter,,,,,,,,,,,,,,,,,,,,,,,,,,,,,,,,3,3
94,Gengar,,,,,,,,,,,,,,,,,,,,,,,,,,,,,,,,3,3
95,Onix,,,,,,,,,,,,,,,,,,,,,,,,,,,,,,,,3,3
96,Drowzee,,,,,,,,,,,,,,,,,,,,,,,,,,,,,,,,3,3
97,Hypno,,,,,,,,,,,,,,,,,,,,,,,,,,,,,,,,3,3
98,Krabby,,,,,,,,,,,,,,,,,,,,,,,,,,,,,,,,3,3
99,Kingler,,,,,,,,,,,,,,,,,,,,,,,,,,,,,,,,3,3
100,Voltorb,,,,,,,,,,,,,,,,,,,,,,,,,,,,,,,,3,3
101,Electrode,,,,,,,,,,,,,,,,,,,,,,,,,,,,,,,,3,3
102,Exeggcute,,,,,,,,,,,,,,,,,,,,,,,,,,,,,,,,3,3
103,Exeggutor,,,,,,,,,,,,,,,,,,,,,,,,,,,,,,,,3,3
104,Cubone,,,,,,,,,,,,,,,,,,,,,,,,,,,,,,,,3,3
105,Marowak,,,,,,,,,,,,,,,,,,,,,,,,,,,,,,,,3,3
106,Hitmonlee,,,,,,,,,,,,,,,,,,,,,,,,,,,,,,,,3,3
107,Hitmonchan,,,,,,,,,,,,,,,,,,,,,,,,,,,,,,,,3,3
108,Lickitung,,,,,,,,,,,,,,,,,,,,,,,,,,,,,,,,3,3
109,Koffing,,,,,,,,,,,,,,,,,,,,,,,,,,,,,,,,3,3
110,Weezing,,,,,,,,,,,,,,,,,,,,,,,,,,,,,,,,3,3
111,Rhyhorn,,,,,,,,,,,,,,,,,,,,,,,,,,,,,,,,3,3
112,Rhydon,,,,,,,,,,,,,,,,,,,,,,,,,,,,,,,,3,3
113,Chansey,,,,,,,,,,,,,,,,,,,,,,,,,,,,,,,,3,3
114,Tangela,,,,,,,,,,,,,,,,,,,,,,,,,,,,,,,,3,3
115,Kangaskhan,,,,,,,,,,,,,,,,,,,,,,,,,,,,,,,,3,3
116,Horsea,,,,,,,,,,,,,,,,,,,,,,,,,,,,,,,,3,3
117,Seadra,,,,,,,,,,,,,,,,,,,,,,,,,,,,,,,,3,3
118,Goldeen,,,,,,,,,,,,,,,,,,,,,,,,,,,,,,,,3,3
119,Seaking,,,,,,,,,,,,,,,,,,,,,,,,,,,,,,,,3,3
120,Staryu,,,,,,,,,,,,,,,,,,,,,,,,,,,,,,,,3,3
121,Starmie,,,,,,,,,,,,,,,,,,,,,,,,,,,,,,,,3,3
122,Mr. Mime,,,,,,,,,,,,,,,,,,,,,,,,,,,,,,,,3,3
123,Scyther,,,,,,,,,,,,,,,,,,,,,,,,,,,,,,,,3,3
124,Jynx,,,,,,,,,,,,,,,,,,,,,,,,,,,,,,,,3,3
125,Electabuzz,,,,,,,,,,,,,,,,,,,,,,,,,,,,,,,,3,3
126,Magmar,,,,,,,,,,,,,,,,,,,,,,,,,,,,,,,,3,3
127,Pinsir,,,,,,,,,,,,,,,,,,,,,,,,,,,,,,,,3,3
128,Tauros,,,,,,,,,,,,,,,,,,,,,,,,,,,,,,,,3,3
129,Magikarp,,,,,,,,,,,,,,,,,,,,,,,,,,,,,,,,3,3
130,Gyarados,,,,,,,,,,,,,,,,,,,,,,,,,,,,,,,,3,3
131,Lapras,,,,,,,,,,,,,,,,,,,,,,,,,,,,,,,,3,3
132,Ditto,,,,,,,,,,,,,,,,,,,,,,,,,,,,,,,,3,3
133,Eevee,,,,,,,,,,,,,,,,,,,,,,,,,,,,,,,,3,3
134,Vaporeon,,,,,,,,,,,,,,,,,,,,,,,,,,,,,,,,3,3
135,Jolteon,,,,,,,,,,,,,,,,,,,,,,,,,,,,,,,,3,3
136,Flareon,,,,,,,,,,,,,,,,,,,,,,,,,,,,,,,,3,3
137,Porygon,,,,,,,,,,,,,,,,,,,,,,,,,,,,,,,,3,3
138,Omanyte,,,,,,,,,,,,,,,,,,,,,,,,,,,,,,,,3,3
139,Omastar,,,,,,,,,,,,,,,,,,,,,,,,,,,,,,,,3,3
140,Kabuto,,,,,,,,,,,,,,,,,,,,,,,,,,,,,,,,3,3
141,Kabutops,,,,,,,,,,,,,,,,,,,,,,,,,,,,,,,,3,3
142,Aerodactyl,,,,,,,,,,,,,,,,,,,,,,,,,,,,,,,,3,3
143,Snorlax,,,,,,,,,,,,,,,,,,,,,,,,,,,,,,,,3,3
144,Articuno,,,,,,,,,,,,,,,,,,,,,,,,,,,,,,,,3,3
145,Zapdos,,,,,,,,,,,,,,,,,,,,,,,,,,,,,,,,3,3
146,Moltres,,,,,,,,,,,,,,,,,,,,,,,,,,,,,,,,3,3
147,Dratini,,,,,,,,,,,,,,,,,,,,,,,,,,,,,,,,3,3
148,Dragonair,,,,,,,,,,,,,,,,,,,,,,,,,,,,,,,,3,3
149,Dragonite,,,,,,,,,,,,,,,,,,,,,,,,,,,,,,,,3,3
150,Mewtwo,,,,,,,,,,,,,,,,,,,,,,,,,,,,,,,,3,3
151,Mew,,,,,,,,,,,,,,,,,,,,,,,,,,,,,,,,3,3
152,Chikorita,0,0,0,0,1,1,1,,,,,,,,,,,,,,,,,,,,,,,,,3,3
153,Bayleef,152,0,0,0,,,,,,,,,,,,,,,,,,,,,,,,,,,,3,3
154,Meganium,153,0,0,0,,,,,,,,,,,,,,,,,,,,,,,,,,,,3,3
155,Cyndaquil,,0,0,0,,,,,,,,,,,,,,,,,,,,,,,,,,,,3,3
156,Quilava,,0,0,0,,,,,,,,,,,,,,,,,,,,,,,,,,,,3,3
157,Typhlosion,,0,0,0,,,,,,,,,,,,,,,,,,,,,,,,,,,,3,3
158,Totodile,,0,0,0,,,,,,,,,,,,,,,,,,,,,,,,,,,,3,3
159,Croconaw,,0,0,0,,,,,,,,,,,,,,,,,,,,,,,,,,,,3,3
160,Feraligatr,,0,0,0,,,,,,,,,,,,,,,,,,,,,,,,,,,,3,3
161,Sentret,,0,0,0,,,,,,,,,,,,,,,,,,,,,,,,,,,,3,3
162,Furret,,0,0,0,,,,,,,,,,,,,,,,,,,,,,,,,,,,3,3
163,Hoothoot,,0,0,0,,,,,,,,,,,,,,,,,,,,,,,,,,,,3,3
164,Noctowl,,0,0,0,,,,,,,,,,,,,,,,,,,,,,,,,,,,3,3
165,Ledyba,,0,0,0,,,,,,,,,,,,,,,,,,,,,,,,,,,,3,3
166,Ledian,,0,0,0,,,,,,,,,,,,,,,,,,,,,,,,,,,,3,3
167,Spinarak,,0,0,0,,,,,,,,,,,,,,,,,,,,,,,,,,,,3,3
168,Ariados,,0,0,0,,,,,,,,,,,,,,,,,,,,,,,,,,,,3,3
169,Crobat,,0,0,0,,,,,,,,,,,,,,,,,,,,,,,,,,,,3,3
170,Chinchou,,0,0,0,,,,,,,,,,,,,,,,,,,,,,,,,,,,3,3
171,Lanturn,,0,0,0,,,,,,,,,,,,,,,,,,,,,,,,,,,,3,3
172,Pichu,,0,0,0,,,,,,,,,,,,,,,,,,,,,,,,,,,,3,3
173,Cleffa,,0,0,0,,,,,,,,,,,,,,,,,,,,,,,,,,,,3,3
174,Igglybuff,,0,0,0,,,,,,,,,,,,,,,,,,,,,,,,,,,,3,3
175,Togepi,,0,0,0,,,,,,,,,,,,,,,,,,,,,,,,,,,,3,3
176,Togetic,,0,0,0,,,,,,,,,,,,,,,,,,,,,,,,,,,,3,3
177,Natu,,0,0,0,,,,,,,,,,,,,,,,,,,,,,,,,,,,3,3
178,Xatu,,0,0,0,,,,,,,,,,,,,,,,,,,,,,,,,,,,3,3
179,Mareep,,0,0,0,,,,,,,,,,,,,,,,,,,,,,,,,,,,3,3
180,Flaaffy,,0,0,0,,,,,,,,,,,,,,,,,,,,,,,,,,,,3,3
181,Ampharos,,0,0,0,,,,,,,,,,,,,,,,,,,,,,,,,,,,3,3
182,Bellossom,44,0,0,0,,,,,,,,,,,,,,,,,,,,,,,,,,,,3,3
183,Marill,,0,0,0,,,,,,,,,,,,,,,,,,,,,,,,,,,,3,3
184,Azumarill,,0,0,0,,,,,,,,,,,,,,,,,,,,,,,,,,,,3,3
185,Sudowoodo,,0,0,0,,,,,,,,,,,,,,,,,,,,,,,,,,,,3,3
186,Politoed,,0,0,0,,,,,,,,,,,,,,,,,,,,,,,,,,,,3,3
187,Hoppip,,0,0,0,,,,,,,,,,,,,,,,,,,,,,,,,,,,3,3
188,Skiploom,,0,0,0,,,,,,,,,,,,,,,,,,,,,,,,,,,,3,3
189,Jumpluff,,0,0,0,,,,,,,,,,,,,,,,,,,,,,,,,,,,3,3
190,Aipom,,0,0,0,,,,,,,,,,,,,,,,,,,,,,,,,,,,3,3
191,Sunkern,,0,0,0,,,,,,,,,,,,,,,,,,,,,,,,,,,,3,3
192,Sunflora,,0,0,0,,,,,,,,,,,,,,,,,,,,,,,,,,,,3,3
193,Yanma,,0,0,0,,,,,,,,,,,,,,,,,,,,,,,,,,,,3,3
194,Wooper,,0,0,0,,,,,,,,,,,,,,,,,,,,,,,,,,,,3,3
195,Quagsire,,0,0,0,,,,,,,,,,,,,,,,,,,,,,,,,,,,3,3
196,Espeon,,0,0,0,,,,,,,,,,,,,,,,,,,,,,,,,,,,3,3
197,Umbreon,,0,0,0,,,,,,,,,,,,,,,,,,,,,,,,,,,,3,3
198,Murkrow,,0,0,0,,,,,,,,,,,,,,,,,,,,,,,,,,,,3,3
199,Slowking,,0,0,0,,,,,,,,,,,,,,,,,,,,,,,,,,,,3,3
200,Misdreavus,,0,0,0,,,,,,,,,,,,,,,,,,,,,,,,,,,,3,3
201,Unown,,0,0,0,,,,,,,,,,,,,,,,,,,,,,,,,,,,3,3
202,Wobbuffet,,0,0,0,,,,,,,,,,,,,,,,,,,,,,,,,,,,3,3
203,Girafarig,,0,0,0,,,,,,,,,,,,,,,,,,,,,,,,,,,,3,3
204,Pineco,,0,0,0,,,,,,,,,,,,,,,,,,,,,,,,,,,,3,3
205,Forretress,,0,0,0,,,,,,,,,,,,,,,,,,,,,,,,,,,,3,3
206,Dunsparce,,0,0,0,,,,,,,,,,,,,,,,,,,,,,,,,,,,3,3
207,Gligar,,0,0,0,,,,,,,,,,,,,,,,,,,,,,,,,,,,3,3
208,Steelix,,0,0,0,,,,,,,,,,,,,,,,,,,,,,,,,,,,3,3
209,Snubbull,,0,0,0,,,,,,,,,,,,,,,,,,,,,,,,,,,,3,3
210,Granbull,,0,0,0,,,,,,,,,,,,,,,,,,,,,,,,,,,,3,3
211,Qwilfish,,0,0,0,,,,,,,,,,,,,,,,,,,,,,,,,,,,3,3
212,Scizor,,0,0,0,,,,,,,,,,,,,,,,,,,,,,,,,,,,3,3
213,Shuckle,,0,0,0,,,,,,,,,,,,,,,,,,,,,,,,,,,,3,3
214,Heracross,,0,0,0,,,,,,,,,,,,,,,,,,,,,,,,,,,,3,3
215,Sneasel,,0,0,0,,,,,,,,,,,,,,,,,,,,,,,,,,,,3,3
216,Teddiursa,,0,0,0,,,,,,,,,,,,,,,,,,,,,,,,,,,,3,3
217,Ursaring,,0,0,0,,,,,,,,,,,,,,,,,,,,,,,,,,,,3,3
218,Slugma,,0,0,0,,,,,,,,,,,,,,,,,,,,,,,,,,,,3,3
219,Magcargo,,0,0,0,,,,,,,,,,,,,,,,,,,,,,,,,,,,3,3
220,Swinub,,0,0,0,,,,,,,,,,,,,,,,,,,,,,,,,,,,3,3
221,Piloswine,,0,0,0,,,,,,,,,,,,,,,,,,,,,,,,,,,,3,3
222,Corsola,,0,0,0,,,,,,,,,,,,,,,,,,,,,,,,,,,,3,3
223,Remoraid,,0,0,0,,,,,,,,,,,,,,,,,,,,,,,,,,,,3,3
224,Octillery,,0,0,0,,,,,,,,,,,,,,,,,,,,,,,,,,,,3,3
225,Delibird,,0,0,0,,,,,,,,,,,,,,,,,,,,,,,,,,,,3,3
226,Mantine,,0,0,0,,,,,,,,,,,,,,,,,,,,,,,,,,,,3,3
227,Skarmory,,0,0,0,,,,,,,,,,,,,,,,,,,,,,,,,,,,3,3
228,Houndour,,0,0,0,,,,,,,,,,,,,,,,,,,,,,,,,,,,3,3
229,Houndoom,,0,0,0,,,,,,,,,,,,,,,,,,,,,,,,,,,,3,3
230,Kingdra,,0,0,0,,,,,,,,,,,,,,,,,,,,,,,,,,,,3,3
231,Phanpy,,0,0,0,,,,,,,,,,,,,,,,,,,,,,,,,,,,3,3
232,Donphan,,0,0,0,,,,,,,,,,,,,,,,,,,,,,,,,,,,3,3
233,Porygon2,,0,0,0,,,,,,,,,,,,,,,,,,,,,,,,,,,,3,3
234,Stantler,,0,0,0,,,,,,,,,,,,,,,,,,,,,,,,,,,,3,3
235,Smeargle,,0,0,0,,,,,,,,,,,,,,,,,,,,,,,,,,,,3,3
236,Tyrogue,,0,0,0,,,,,,,,,,,,,,,,,,,,,,,,,,,,3,3
237,Hitmontop,,0,0,0,,,,,,,,,,,,,,,,,,,,,,,,,,,,3,3
238,Smoochum,,0,0,0,,,,,,,,,,,,,,,,,,,,,,,,,,,,3,3
239,Elekid,,0,0,0,,,,,,,,,,,,,,,,,,,,,,,,,,,,3,3
240,Magby,,0,0,0,,,,,,,,,,,,,,,,,,,,,,,,,,,,3,3
241,Miltank,,0,0,0,,,,,,,,,,,,,,,,,,,,,,,,,,,,3,3
242,Blissey,,0,0,0,,,,,,,,,,,,,,,,,,,,,,,,,,,,3,3
243,Raikou,,0,0,0,,,,,,,,,,,,,,,,,,,,,,,,,,,,3,3
244,Entei,,0,0,0,,,,,,,,,,,,,,,,,,,,,,,,,,,,3,3
245,Suicune,,0,0,0,,,,,,,,,,,,,,,,,,,,,,,,,,,,3,3
246,Larvitar,,0,0,0,,,,,,,,,,,,,,,,,,,,,,,,,,,,3,3
247,Pupitar,,0,0,0,,,,,,,,,,,,,,,,,,,,,,,,,,,,3,3
248,Tyranitar,,0,0,0,,,,,,,,,,,,,,,,,,,,,,,,,,,,3,3
249,Lugia,,0,0,0,,,,,,,,,,,,,,,,,,,,,,,,,,,,3,3
250,Ho-Oh,,0,0,0,,,,,,,,,,,,,,,,,,,,,,,,,,,,3,3
251,Celebi,,0,0,0,,,,,,,,,,,,,,,,,,,,,,,,,,,,3,3
252,Treecko,,0,0,0,,,,,,,,,,,,,,,,,,,,,,,,,,,,3,3
253,Grovyle,,0,0,0,,,,,,,,,,,,,,,,,,,,,,,,,,,,3,3
254,Sceptile,,0,0,0,,,,,,,,,,,,,,,,,,,,,,,,,,,,3,3
255,Torchic,,0,0,0,,,,,,,,,,,,,,,,,,,,,,,,,,,,3,3
256,Combusken,,0,0,0,,,,,,,,,,,,,,,,,,,,,,,,,,,,3,3
257,Blaziken,,0,0,0,,,,,,,,,,,,,,,,,,,,,,,,,,,,3,3
258,Mudkip,,0,0,0,,,,,,,,,,,,,,,,,,,,,,,,,,,,3,3
259,Marshtomp,,0,0,0,,,,,,,,,,,,,,,,,,,,,,,,,,,,3,3
260,Swampert,,0,0,0,,,,,,,,,,,,,,,,,,,,,,,,,,,,3,3
261,Poochyena,,0,0,0,,,,,,,,,,,,,,,,,,,,,,,,,,,,3,3
262,Mightyena,,0,0,0,,,,,,,,,,,,,,,,,,,,,,,,,,,,3,3
263,Zigzagoon,,0,0,0,,,,,,,,,,,,,,,,,,,,,,,,,,,,3,3
264,Linoone,,0,0,0,,,,,,,,,,,,,,,,,,,,,,,,,,,,3,3
265,Wurmple,,0,0,0,,,,,,,,,,,,,,,,,,,,,,,,,,,,3,3
266,Silcoon,,0,0,0,,,,,,,,,,,,,,,,,,,,,,,,,,,,3,3
267,Beautifly,,0,0,0,,,,,,,,,,,,,,,,,,,,,,,,,,,,3,3
268,Cascoon,,0,0,0,,,,,,,,,,,,,,,,,,,,,,,,,,,,3,3
269,Dustox,,0,0,0,,,,,,,,,,,,,,,,,,,,,,,,,,,,3,3
270,Lotad,,0,0,0,,,,,,,,,,,,,,,,,,,,,,,,,,,,3,3
271,Lombre,,0,0,0,,,,,,,,,,,,,,,,,,,,,,,,,,,,3,3
272,Ludicolo,,0,0,0,,,,,,,,,,,,,,,,,,,,,,,,,,,,3,3
273,Seedot,,0,0,0,,,,,,,,,,,,,,,,,,,,,,,,,,,,3,3
274,Nuzleaf,,0,0,0,,,,,,,,,,,,,,,,,,,,,,,,,,,,3,3
275,Shiftry,,0,0,0,,,,,,,,,,,,,,,,,,,,,,,,,,,,3,3
276,Taillow,,0,0,0,,,,,,,,,,,,,,,,,,,,,,,,,,,,3,3
277,Swellow,,0,0,0,,,,,,,,,,,,,,,,,,,,,,,,,,,,3,3
278,Wingull,,0,0,0,,,,,,,,,,,,,,,,,,,,,,,,,,,,3,3
279,Pelipper,,0,0,0,,,,,,,,,,,,,,,,,,,,,,,,,,,,3,3
280,Ralts,,0,0,0,,,,,,,,,,,,,,,,,,,,,,,,,,,,3,3
281,Kirlia,,0,0,0,,,,,,,,,,,,,,,,,,,,,,,,,,,,3,3
282,Gardevoir,,0,0,0,,,,,,,,,,,,,,,,,,,,,,,,,,,,3,3
283,Surskit,,0,0,0,,,,,,,,,,,,,,,,,,,,,,,,,,,,3,3
284,Masquerain,,0,0,0,,,,,,,,,,,,,,,,,,,,,,,,,,,,3,3
285,Shroomish,,0,0,0,,,,,,,,,,,,,,,,,,,,,,,,,,,,3,3
286,Breloom,,0,0,0,,,,,,,,,,,,,,,,,,,,,,,,,,,,3,3
287,Slakoth,,0,0,0,,,,,,,,,,,,,,,,,,,,,,,,,,,,3,3
288,Vigoroth,,0,0,0,,,,,,,,,,,,,,,,,,,,,,,,,,,,3,3
289,Slaking,,0,0,0,,,,,,,,,,,,,,,,,,,,,,,,,,,,3,3
290,Nincada,,0,0,0,,,,,,,,,,,,,,,,,,,,,,,,,,,,3,3
291,Ninjask,,0,0,0,,,,,,,,,,,,,,,,,,,,,,,,,,,,3,3
292,Shedinja,,0,0,0,,,,,,,,,,,,,,,,,,,,,,,,,,,,3,3
293,Whismur,,0,0,0,,,,,,,,,,,,,,,,,,,,,,,,,,,,3,3
294,Loudred,,0,0,0,,,,,,,,,,,,,,,,,,,,,,,,,,,,3,3
295,Exploud,,0,0,0,,,,,,,,,,,,,,,,,,,,,,,,,,,,3,3
296,Makuhita,,0,0,0,,,,,,,,,,,,,,,,,,,,,,,,,,,,3,3
297,Hariyama,,0,0,0,,,,,,,,,,,,,,,,,,,,,,,,,,,,3,3
298,Azurill,,0,0,0,,,,,,,,,,,,,,,,,,,,,,,,,,,,3,3
299,Nosepass,,0,0,0,,,,,,,,,,,,,,,,,,,,,,,,,,,,3,3
300,Skitty,,0,0,0,,,,,,,,,,,,,,,,,,,,,,,,,,,,3,3
301,Delcatty,,0,0,0,,,,,,,,,,,,,,,,,,,,,,,,,,,,3,3
302,Sableye,,0,0,0,,,,,,,,,,,,,,,,,,,,,,,,,,,,3,3
303,Mawile,,0,0,0,,,,,,,,,,,,,,,,,,,,,,,,,,,,3,3
304,Aron,,0,0,0,,,,,,,,,,,,,,,,,,,,,,,,,,,,3,3
305,Lairon,,0,0,0,,,,,,,,,,,,,,,,,,,,,,,,,,,,3,3
306,Aggron,,0,0,0,,,,,,,,,,,,,,,,,,,,,,,,,,,,3,3
307,Meditite,,0,0,0,,,,,,,,,,,,,,,,,,,,,,,,,,,,3,3
308,Medicham,,0,0,0,,,,,,,,,,,,,,,,,,,,,,,,,,,,3,3
309,Electrike,,0,0,0,,,,,,,,,,,,,,,,,,,,,,,,,,,,3,3
310,Manectric,,0,0,0,,,,,,,,,,,,,,,,,,,,,,,,,,,,3,3
311,Plusle,,0,0,0,,,,,,,,,,,,,,,,,,,,,,,,,,,,3,3
312,Minun,,0,0,0,,,,,,,,,,,,,,,,,,,,,,,,,,,,3,3
313,Volbeat,,0,0,0,,,,,,,,,,,,,,,,,,,,,,,,,,,,3,3
314,Illumise,,0,0,0,,,,,,,,,,,,,,,,,,,,,,,,,,,,3,3
315,Roselia,,0,0,0,,,,,,,,,,,,,,,,,,,,,,,,,,,,3,3
316,Gulpin,,0,0,0,,,,,,,,,,,,,,,,,,,,,,,,,,,,3,3
317,Swalot,,0,0,0,,,,,,,,,,,,,,,,,,,,,,,,,,,,3,3
318,Carvanha,,0,0,0,,,,,,,,,,,,,,,,,,,,,,,,,,,,3,3
319,Sharpedo,,0,0,0,,,,,,,,,,,,,,,,,,,,,,,,,,,,3,3
320,Wailmer,,0,0,0,,,,,,,,,,,,,,,,,,,,,,,,,,,,3,3
321,Wailord,,0,0,0,,,,,,,,,,,,,,,,,,,,,,,,,,,,3,3
322,Numel,,0,0,0,,,,,,,,,,,,,,,,,,,,,,,,,,,,3,3
323,Camerupt,,0,0,0,,,,,,,,,,,,,,,,,,,,,,,,,,,,3,3
324,Torkoal,,0,0,0,,,,,,,,,,,,,,,,,,,,,,,,,,,,3,3
325,Spoink,,0,0,0,,,,,,,,,,,,,,,,,,,,,,,,,,,,3,3
326,Grumpig,,0,0,0,,,,,,,,,,,,,,,,,,,,,,,,,,,,3,3
327,Spinda,,0,0,0,,,,,,,,,,,,,,,,,,,,,,,,,,,,3,3
328,Trapinch,,0,0,0,,,,,,,,,,,,,,,,,,,,,,,,,,,,3,3
329,Vibrava,,0,0,0,,,,,,,,,,,,,,,,,,,,,,,,,,,,3,3
330,Flygon,,0,0,0,,,,,,,,,,,,,,,,,,,,,,,,,,,,3,3
331,Cacnea,,0,0,0,,,,,,,,,,,,,,,,,,,,,,,,,,,,3,3
332,Cacturne,,0,0,0,,,,,,,,,,,,,,,,,,,,,,,,,,,,3,3
333,Swablu,,0,0,0,,,,,,,,,,,,,,,,,,,,,,,,,,,,3,3
334,Altaria,,0,0,0,,,,,,,,,,,,,,,,,,,,,,,,,,,,3,3
335,Zangoose,,0,0,0,,,,,,,,,,,,,,,,,,,,,,,,,,,,3,3
336,Seviper,,0,0,0,,,,,,,,,,,,,,,,,,,,,,,,,,,,3,3
337,Lunatone,,0,0,0,,,,,,,,,,,,,,,,,,,,,,,,,,,,3,3
338,Solrock,,0,0,0,,,,,,,,,,,,,,,,,,,,,,,,,,,,3,3
339,Barboach,,0,0,0,,,,,,,,,,,,,,,,,,,,,,,,,,,,3,3
340,Whiscash,,0,0,0,,,,,,,,,,,,,,,,,,,,,,,,,,,,3,3
341,Corphish,,0,0,0,,,,,,,,,,,,,,,,,,,,,,,,,,,,3,3
342,Crawdaunt,,0,0,0,,,,,,,,,,,,,,,,,,,,,,,,,,,,3,3
343,Baltoy,,0,0,0,,,,,,,,,,,,,,,,,,,,,,,,,,,,3,3
344,Claydol,,0,0,0,,,,,,,,,,,,,,,,,,,,,,,,,,,,3,3
345,Lileep,,0,0,0,,,,,,,,,,,,,,,,,,,,,,,,,,,,3,3
346,Cradily,,0,0,0,,,,,,,,,,,,,,,,,,,,,,,,,,,,3,3
347,Anorith,,0,0,0,,,,,,,,,,,,,,,,,,,,,,,,,,,,3,3
348,Armaldo,,0,0,0,,,,,,,,,,,,,,,,,,,,,,,,,,,,3,3
349,Feebas,,0,0,0,,,,,,,,,,,,,,,,,,,,,,,,,,,,3,3
350,Milotic,,0,0,0,,,,,,,,,,,,,,,,,,,,,,,,,,,,3,3
351,Castform,,0,0,0,,,,,,,,,,,,,,,,,,,,,,,,,,,,3,3
352,Kecleon,,0,0,0,,,,,,,,,,,,,,,,,,,,,,,,,,,,3,3
353,Shuppet,,0,0,0,,,,,,,,,,,,,,,,,,,,,,,,,,,,3,3
354,Banette,,0,0,0,,,,,,,,,,,,,,,,,,,,,,,,,,,,3,3
355,Duskull,,0,0,0,,,,,,,,,,,,,,,,,,,,,,,,,,,,3,3
356,Dusclops,,0,0,0,,,,,,,,,,,,,,,,,,,,,,,,,,,,3,3
357,Tropius,,0,0,0,,,,,,,,,,,,,,,,,,,,,,,,,,,,3,3
358,Chimecho,,0,0,0,,,,,,,,,,,,,,,,,,,,,,,,,,,,3,3
359,Absol,,0,0,0,,,,,,,,,,,,,,,,,,,,,,,,,,,,3,3
360,Wynaut,,0,0,0,,,,,,,,,,,,,,,,,,,,,,,,,,,,3,3
361,Snorunt,,0,0,0,,,,,,,,,,,,,,,,,,,,,,,,,,,,3,3
362,Glalie,,0,0,0,,,,,,,,,,,,,,,,,,,,,,,,,,,,3,3
363,Spheal,,0,0,0,,,,,,,,,,,,,,,,,,,,,,,,,,,,3,3
364,Sealeo,,0,0,0,,,,,,,,,,,,,,,,,,,,,,,,,,,,3,3
365,Walrein,,0,0,0,,,,,,,,,,,,,,,,,,,,,,,,,,,,3,3
366,Clamperl,,0,0,0,,,,,,,,,,,,,,,,,,,,,,,,,,,,3,3
367,Huntail,,0,0,0,,,,,,,,,,,,,,,,,,,,,,,,,,,,3,3
368,Gorebyss,,0,0,0,,,,,,,,,,,,,,,,,,,,,,,,,,,,3,3
369,Relicanth,,0,0,0,,,,,,,,,,,,,,,,,,,,,,,,,,,,3,3
370,Luvdisc,,0,0,0,,,,,,,,,,,,,,,,,,,,,,,,,,,,3,3
371,Bagon,,0,0,0,,,,,,,,,,,,,,,,,,,,,,,,,,,,3,3
372,Shelgon,,0,0,0,,,,,,,,,,,,,,,,,,,,,,,,,,,,3,3
373,Salamence,,0,0,0,,,,,,,,,,,,,,,,,,,,,,,,,,,,3,3
374,Beldum,,0,0,0,,,,,,,,,,,,,,,,,,,,,,,,,,,,3,3
375,Metang,,0,0,0,,,,,,,,,,,,,,,,,,,,,,,,,,,,3,3
376,Metagross,,0,0,0,,,,,,,,,,,,,,,,,,,,,,,,,,,,3,3
377,Regirock,,0,0,0,,,,,,,,,,,,,,,,,,,,,,,,,,,,3,3
378,Regice,,0,0,0,,,,,,,,,,,,,,,,,,,,,,,,,,,,3,3
379,Registeel,,0,0,0,,,,,,,,,,,,,,,,,,,,,,,,,,,,3,3
380,Latias,,0,0,0,,,,,,,,,,,,,,,,,,,,,,,,,,,,3,3
381,Latios,,0,0,0,,,,,,,,,,,,,,,,,,,,,,,,,,,,3,3
382,Kyogre,,0,0,0,,,,,,,,,,,,,,,,,,,,,,,,,,,,3,3
383,Groudon,,0,0,0,,,,,,,,,,,,,,,,,,,,,,,,,,,,3,3
384,Rayquaza,,0,0,0,,,,,,,,,,,,,,,,,,,,,,,,,,,,3,3
385,Jirachi,,0,0,0,,,,,,,,,,,,,,,,,,,,,,,,,,,,3,3
386,Deoxys,,0,0,0,,,,,,,,,,,,,,,,,,,,,,,,,,,,3,3
387,Turtwig,,0,0,0,,,,,,,,,,,,,,,,,,,,,,,,,,,,3,3
388,Grotle,,0,0,0,,,,,,,,,,,,,,,,,,,,,,,,,,,,3,3
389,Torterra,,0,0,0,,,,,,,,,,,,,,,,,,,,,,,,,,,,3,3
390,Chimchar,,0,0,0,,,,,,,,,,,,,,,,,,,,,,,,,,,,3,3
391,Monferno,,0,0,0,,,,,,,,,,,,,,,,,,,,,,,,,,,,3,3
392,Infernape,,0,0,0,,,,,,,,,,,,,,,,,,,,,,,,,,,,3,3
393,Piplup,,0,0,0,,,,,,,,,,,,,,,,,,,,,,,,,,,,3,3
394,Prinplup,,0,0,0,,,,,,,,,,,,,,,,,,,,,,,,,,,,3,3
395,Empoleon,,0,0,0,,,,,,,,,,,,,,,,,,,,,,,,,,,,3,3
396,Starly,,0,0,0,,,,,,,,,,,,,,,,,,,,,,,,,,,,3,3
397,Staravia,,0,0,0,,,,,,,,,,,,,,,,,,,,,,,,,,,,3,3
398,Staraptor,,0,0,0,,,,,,,,,,,,,,,,,,,,,,,,,,,,3,3
399,Bidoof,,0,0,0,,,,,,,,,,,,,,,,,,,,,,,,,,,,3,3
400,Bibarel,,0,0,0,,,,,,,,,,,,,,,,,,,,,,,,,,,,3,3
401,Kricketot,,0,0,0,,,,,,,,,,,,,,,,,,,,,,,,,,,,3,3
402,Kricketune,,0,0,0,,,,,,,,,,,,,,,,,,,,,,,,,,,,3,3
403,Shinx,,0,0,0,,,,,,,,,,,,,,,,,,,,,,,,,,,,3,3
404,Luxio,,0,0,0,,,,,,,,,,,,,,,,,,,,,,,,,,,,3,3
405,Luxray,,0,0,0,,,,,,,,,,,,,,,,,,,,,,,,,,,,3,3
406,Budew,,0,0,0,,,,,,,,,,,,,,,,,,,,,,,,,,,,3,3
407,Roserade,,0,0,0,,,,,,,,,,,,,,,,,,,,,,,,,,,,3,3
408,Cranidos,,0,0,0,,,,,,,,,,,,,,,,,,,,,,,,,,,,3,3
409,Rampardos,,0,0,0,,,,,,,,,,,,,,,,,,,,,,,,,,,,3,3
410,Shieldon,,0,0,0,,,,,,,,,,,,,,,,,,,,,,,,,,,,3,3
411,Bastiodon,,0,0,0,,,,,,,,,,,,,,,,,,,,,,,,,,,,3,3
412,Burmy,,0,0,0,,,,,,,,,,,,,,,,,,,,,,,,,,,,3,3
413,Wormadam,,0,0,0,,,,,,,,,,,,,,,,,,,,,,,,,,,,3,3
414,Mothim,,0,0,0,,,,,,,,,,,,,,,,,,,,,,,,,,,,3,3
415,Combee,,0,0,0,,,,,,,,,,,,,,,,,,,,,,,,,,,,3,3
416,Vespiquen,,0,0,0,,,,,,,,,,,,,,,,,,,,,,,,,,,,3,3
417,Pachirisu,,0,0,0,,,,,,,,,,,,,,,,,,,,,,,,,,,,3,3
418,Buizel,,0,0,0,,,,,,,,,,,,,,,,,,,,,,,,,,,,3,3
419,Floatzel,,0,0,0,,,,,,,,,,,,,,,,,,,,,,,,,,,,3,3
420,Cherubi,,0,0,0,,,,,,,,,,,,,,,,,,,,,,,,,,,,3,3
421,Cherrim,,0,0,0,,,,,,,,,,,,,,,,,,,,,,,,,,,,3,3
422,Shellos,,0,0,0,,,,,,,,,,,,,,,,,,,,,,,,,,,,3,3
423,Gastrodon,,0,0,0,,,,,,,,,,,,,,,,,,,,,,,,,,,,3,3
424,Ambipom,,0,0,0,,,,,,,,,,,,,,,,,,,,,,,,,,,,3,3
425,Drifloon,,0,0,0,,,,,,,,,,,,,,,,,,,,,,,,,,,,3,3
426,Drifblim,,0,0,0,,,,,,,,,,,,,,,,,,,,,,,,,,,,3,3
427,Buneary,,0,0,0,,,,,,,,,,,,,,,,,,,,,,,,,,,,3,3
428,Lopunny,,0,0,0,,,,,,,,,,,,,,,,,,,,,,,,,,,,3,3
429,Mismagius,,0,0,0,,,,,,,,,,,,,,,,,,,,,,,,,,,,3,3
430,Honchkrow,,0,0,0,,,,,,,,,,,,,,,,,,,,,,,,,,,,3,3
431,Glameow,,0,0,0,,,,,,,,,,,,,,,,,,,,,,,,,,,,3,3
432,Purugly,,0,0,0,,,,,,,,,,,,,,,,,,,,,,,,,,,,3,3
433,Chingling,,0,0,0,,,,,,,,,,,,,,,,,,,,,,,,,,,,3,3
434,Stunky,,0,0,0,,,,,,,,,,,,,,,,,,,,,,,,,,,,3,3
435,Skuntank,,0,0,0,,,,,,,,,,,,,,,,,,,,,,,,,,,,3,3
436,Bronzor,,0,0,0,,,,,,,,,,,,,,,,,,,,,,,,,,,,3,3
437,Bronzong,,0,0,0,,,,,,,,,,,,,,,,,,,,,,,,,,,,3,3
438,Bonsly,,0,0,0,,,,,,,,,,,,,,,,,,,,,,,,,,,,3,3
439,Mime Jr.,,0,0,0,,,,,,,,,,,,,,,,,,,,,,,,,,,,3,3
440,Happiny,,0,0,0,,,,,,,,,,,,,,,,,,,,,,,,,,,,3,3
441,Chatot,,0,0,0,,,,,,,,,,,,,,,,,,,,,,,,,,,,3,3
442,Spiritomb,,0,0,0,,,,,,,,,,,,,,,,,,,,,,,,,,,,3,3
443,Gible,,0,0,0,,,,,,,,,,,,,,,,,,,,,,,,,,,,3,3
444,Gabite,,0,0,0,,,,,,,,,,,,,,,,,,,,,,,,,,,,3,3
445,Garchomp,,0,0,0,,,,,,,,,,,,,,,,,,,,,,,,,,,,3,3
446,Munchlax,,0,0,0,,,,,,,,,,,,,,,,,,,,,,,,,,,,3,3
447,Riolu,,0,0,0,,,,,,,,,,,,,,,,,,,,,,,,,,,,3,3
448,Lucario,,0,0,0,,,,,,,,,,,,,,,,,,,,,,,,,,,,3,3
449,Hippopotas,,0,0,0,,,,,,,,,,,,,,,,,,,,,,,,,,,,3,3
450,Hippowdon,,0,0,0,,,,,,,,,,,,,,,,,,,,,,,,,,,,3,3
451,Skorupi,,0,0,0,,,,,,,,,,,,,,,,,,,,,,,,,,,,3,3
452,Drapion,,0,0,0,,,,,,,,,,,,,,,,,,,,,,,,,,,,3,3
453,Croagunk,,0,0,0,,,,,,,,,,,,,,,,,,,,,,,,,,,,3,3
454,Toxicroak,,0,0,0,,,,,,,,,,,,,,,,,,,,,,,,,,,,3,3
455,Carnivine,,0,0,0,,,,,,,,,,,,,,,,,,,,,,,,,,,,3,3
456,Finneon,,0,0,0,,,,,,,,,,,,,,,,,,,,,,,,,,,,3,3
457,Lumineon,,0,0,0,,,,,,,,,,,,,,,,,,,,,,,,,,,,3,3
458,Mantyke,,0,0,0,,,,,,,,,,,,,,,,,,,,,,,,,,,,3,3
459,Snover,,0,0,0,,,,,,,,,,,,,,,,,,,,,,,,,,,,3,3
460,Abomasnow,,0,0,0,,,,,,,,,,,,,,,,,,,,,,,,,,,,3,3
461,Weavile,,0,0,0,,,,,,,,,,,,,,,,,,,,,,,,,,,,3,3
462,Magnezone,,0,0,0,,,,,,,,,,,,,,,,,,,,,,,,,,,,3,3
463,Lickilicky,,0,0,0,,,,,,,,,,,,,,,,,,,,,,,,,,,,3,3
464,Rhyperior,,0,0,0,,,,,,,,,,,,,,,,,,,,,,,,,,,,3,3
465,Tangrowth,,0,0,0,,,,,,,,,,,,,,,,,,,,,,,,,,,,3,3
466,Electivire,,0,0,0,,,,,,,,,,,,,,,,,,,,,,,,,,,,3,3
467,Magmortar,,0,0,0,,,,,,,,,,,,,,,,,,,,,,,,,,,,3,3
468,Togekiss,,0,0,0,,,,,,,,,,,,,,,,,,,,,,,,,,,,3,3
469,Yanmega,,0,0,0,,,,,,,,,,,,,,,,,,,,,,,,,,,,3,3
470,Leafeon,,0,0,0,,,,,,,,,,,,,,,,,,,,,,,,,,,,3,3
471,Glaceon,,0,0,0,,,,,,,,,,,,,,,,,,,,,,,,,,,,3,3
472,Gliscor,,0,0,0,,,,,,,,,,,,,,,,,,,,,,,,,,,,3,3
473,Mamoswine,,0,0,0,,,,,,,,,,,,,,,,,,,,,,,,,,,,3,3
474,Porygon-Z,,0,0,0,,,,,,,,,,,,,,,,,,,,,,,,,,,,3,3
475,Gallade,,0,0,0,,,,,,,,,,,,,,,,,,,,,,,,,,,,3,3
476,Probopass,,0,0,0,,,,,,,,,,,,,,,,,,,,,,,,,,,,3,3
477,Dusknoir,,0,0,0,,,,,,,,,,,,,,,,,,,,,,,,,,,,3,3
478,Froslass,,0,0,0,,,,,,,,,,,,,,,,,,,,,,,,,,,,3,3
479,Rotom,,0,0,0,,,,,,,,,,,,,,,,,,,,,,,,,,,,3,3
480,Uxie,,0,0,0,,,,,,,,,,,,,,,,,,,,,,,,,,,,3,3
481,Mesprit,,0,0,0,,,,,,,,,,,,,,,,,,,,,,,,,,,,3,3
482,Azelf,,0,0,0,,,,,,,,,,,,,,,,,,,,,,,,,,,,3,3
483,Dialga,,0,0,0,,,,,,,,,,,,,,,,,,,,,,,,,,,,3,3
484,Palkia,,0,0,0,,,,,,,,,,,,,,,,,,,,,,,,,,,,3,3
485,Heatran,,0,0,0,,,,,,,,,,,,,,,,,,,,,,,,,,,,3,3
486,Regigigas,,0,0,0,,,,,,,,,,,,,,,,,,,,,,,,,,,,3,3
487,Giratina,,0,0,0,,,,,,,,,,,,,,,,,,,,,,,,,,,,3,3
488,Cresselia,,0,0,0,,,,,,,,,,,,,,,,,,,,,,,,,,,,3,3
489,Phione,,0,0,0,,,,,,,,,,,,,,,,,,,,,,,,,,,,3,3
490,Manaphy,,0,0,0,,,,,,,,,,,,,,,,,,,,,,,,,,,,3,3
491,Darkrai,,0,0,0,,,,,,,,,,,,,,,,,,,,,,,,,,,,3,3
492,Shaymin,,0,0,0,,,,,,,,,,,,,,,,,,,,,,,,,,,,3,3
493,Arceus,,0,0,0,,,,,,,,,,,,,,,,,,,,,,,,,,,,3,3
494,Victini,,0,0,0,,,,,,,,,,,,,,,,,,,,,,,,,,,,3,3
495,Snivy,,0,0,0,,,,,,,,,,,,,,,,,,,,,,,,,,,,3,3
496,Servine,,0,0,0,,,,,,,,,,,,,,,,,,,,,,,,,,,,3,3
497,Serperior,,0,0,0,,,,,,,,,,,,,,,,,,,,,,,,,,,,3,3
498,Tepig,,0,0,0,,,,,,,,,,,,,,,,,,,,,,,,,,,,3,3
499,Pignite,,0,0,0,,,,,,,,,,,,,,,,,,,,,,,,,,,,3,3
500,Emboar,,0,0,0,,,,,,,,,,,,,,,,,,,,,,,,,,,,3,3
501,Oshawott,,0,0,0,,,,,,,,,,,,,,,,,,,,,,,,,,,,3,3
502,Dewott,,0,0,0,,,,,,,,,,,,,,,,,,,,,,,,,,,,3,3
503,Samurott,,0,0,0,,,,,,,,,,,,,,,,,,,,,,,,,,,,3,3
504,Patrat,,0,0,0,,,,,,,,,,,,,,,,,,,,,,,,,,,,3,3
505,Watchog,,0,0,0,,,,,,,,,,,,,,,,,,,,,,,,,,,,3,3
506,Lillipup,,0,0,0,,,,,,,,,,,,,,,,,,,,,,,,,,,,3,3
507,Herdier,,0,0,0,,,,,,,,,,,,,,,,,,,,,,,,,,,,3,3
508,Stoutland,,0,0,0,,,,,,,,,,,,,,,,,,,,,,,,,,,,3,3
509,Purrloin,,0,0,0,,,,,,,,,,,,,,,,,,,,,,,,,,,,3,3
510,Liepard,,0,0,0,,,,,,,,,,,,,,,,,,,,,,,,,,,,3,3
511,Pansage,,0,0,0,,,,,,,,,,,,,,,,,,,,,,,,,,,,3,3
512,Simisage,,0,0,0,,,,,,,,,,,,,,,,,,,,,,,,,,,,3,3
513,Pansear,,0,0,0,,,,,,,,,,,,,,,,,,,,,,,,,,,,3,3
514,Simisear,,0,0,0,,,,,,,,,,,,,,,,,,,,,,,,,,,,3,3
515,Panpour,,0,0,0,,,,,,,,,,,,,,,,,,,,,,,,,,,,3,3
516,Simipour,,0,0,0,,,,,,,,,,,,,,,,,,,,,,,,,,,,3,3
517,Munna,,0,0,0,,,,,,,,,,,,,,,,,,,,,,,,,,,,3,3
518,Musharna,,0,0,0,,,,,,,,,,,,,,,,,,,,,,,,,,,,3,3
519,Pidove,,0,0,0,,,,,,,,,,,,,,,,,,,,,,,,,,,,3,3
520,Tranquill,,0,0,0,,,,,,,,,,,,,,,,,,,,,,,,,,,,3,3
521,Unfezant,,0,0,0,,,,,,,,,,,,,,,,,,,,,,,,,,,,3,3
522,Blitzle,,0,0,0,,,,,,,,,,,,,,,,,,,,,,,,,,,,3,3
523,Zebstrika,,0,0,0,,,,,,,,,,,,,,,,,,,,,,,,,,,,3,3
524,Roggenrola,,0,0,0,,,,,,,,,,,,,,,,,,,,,,,,,,,,3,3
525,Boldore,,0,0,0,,,,,,,,,,,,,,,,,,,,,,,,,,,,3,3
526,Gigalith,,0,0,0,,,,,,,,,,,,,,,,,,,,,,,,,,,,3,3
527,Woobat,,0,0,0,,,,,,,,,,,,,,,,,,,,,,,,,,,,3,3
528,Swoobat,,0,0,0,,,,,,,,,,,,,,,,,,,,,,,,,,,,3,3
529,Drilbur,,0,0,0,,,,,,,,,,,,,,,,,,,,,,,,,,,,3,3
530,Excadrill,,0,0,0,,,,,,,,,,,,,,,,,,,,,,,,,,,,3,3
531,Audino,,0,0,0,,,,,,,,,,,,,,,,,,,,,,,,,,,,3,3
532,Timburr,,0,0,0,,,,,,,,,,,,,,,,,,,,,,,,,,,,3,3
533,Gurdurr,,0,0,0,,,,,,,,,,,,,,,,,,,,,,,,,,,,3,3
534,Conkeldurr,,0,0,0,,,,,,,,,,,,,,,,,,,,,,,,,,,,3,3
535,Tympole,,0,0,0,,,,,,,,,,,,,,,,,,,,,,,,,,,,3,3
536,Palpitoad,,0,0,0,,,,,,,,,,,,,,,,,,,,,,,,,,,,3,3
537,Seismitoad,,0,0,0,,,,,,,,,,,,,,,,,,,,,,,,,,,,3,3
538,Throh,,0,0,0,,,,,,,,,,,,,,,,,,,,,,,,,,,,3,3
539,Sawk,,0,0,0,,,,,,,,,,,,,,,,,,,,,,,,,,,,3,3
540,Sewaddle,,0,0,0,,,,,,,,,,,,,,,,,,,,,,,,,,,,3,3
541,Swadloon,,0,0,0,,,,,,,,,,,,,,,,,,,,,,,,,,,,3,3
542,Leavanny,,0,0,0,,,,,,,,,,,,,,,,,,,,,,,,,,,,3,3
543,Venipede,,0,0,0,,,,,,,,,,,,,,,,,,,,,,,,,,,,3,3
544,Whirlipede,,0,0,0,,,,,,,,,,,,,,,,,,,,,,,,,,,,3,3
545,Scolipede,,0,0,0,,,,,,,,,,,,,,,,,,,,,,,,,,,,3,3
546,Cottonee,,0,0,0,,,,,,,,,,,,,,,,,,,,,,,,,,,,3,3
547,Whimsicott,,0,0,0,,,,,,,,,,,,,,,,,,,,,,,,,,,,3,3
548,Petilil,,0,0,0,,,,,,,,,,,,,,,,,,,,,,,,,,,,3,3
549,Lilligant,,0,0,0,,,,,,,,,,,,,,,,,,,,,,,,,,,,3,3
550,Basculin,,0,0,0,,,,,,,,,,,,,,,,,,,,,,,,,,,,3,3
551,Sandile,,0,0,0,,,,,,,,,,,,,,,,,,,,,,,,,,,,3,3
552,Krokorok,,0,0,0,,,,,,,,,,,,,,,,,,,,,,,,,,,,3,3
553,Krookodile,,0,0,0,,,,,,,,,,,,,,,,,,,,,,,,,,,,3,3
554,Darumaka,,0,0,0,,,,,,,,,,,,,,,,,,,,,,,,,,,,3,3
555,Darmanitan,,0,0,0,,,,,,,,,,,,,,,,,,,,,,,,,,,,3,3
556,Maractus,,0,0,0,,,,,,,,,,,,,,,,,,,,,,,,,,,,3,3
557,Dwebble,,0,0,0,,,,,,,,,,,,,,,,,,,,,,,,,,,,3,3
558,Crustle,,0,0,0,,,,,,,,,,,,,,,,,,,,,,,,,,,,3,3
559,Scraggy,,0,0,0,,,,,,,,,,,,,,,,,,,,,,,,,,,,3,3
560,Scrafty,,0,0,0,,,,,,,,,,,,,,,,,,,,,,,,,,,,3,3
561,Sigilyph,,0,0,0,,,,,,,,,,,,,,,,,,,,,,,,,,,,3,3
562,Yamask,,0,0,0,,,,,,,,,,,,,,,,,,,,,,,,,,,,3,3
563,Cofagrigus,,0,0,0,,,,,,,,,,,,,,,,,,,,,,,,,,,,3,3
564,Tirtouga,,0,0,0,,,,,,,,,,,,,,,,,,,,,,,,,,,,3,3
565,Carracosta,,0,0,0,,,,,,,,,,,,,,,,,,,,,,,,,,,,3,3
566,Archen,,0,0,0,,,,,,,,,,,,,,,,,,,,,,,,,,,,3,3
567,Archeops,,0,0,0,,,,,,,,,,,,,,,,,,,,,,,,,,,,3,3
568,Trubbish,,0,0,0,,,,,,,,,,,,,,,,,,,,,,,,,,,,3,3
569,Garbodor,,0,0,0,,,,,,,,,,,,,,,,,,,,,,,,,,,,3,3
570,Zorua,,0,0,0,,,,,,,,,,,,,,,,,,,,,,,,,,,,3,3
571,Zoroark,,0,0,0,,,,,,,,,,,,,,,,,,,,,,,,,,,,3,3
572,Minccino,,0,0,0,,,,,,,,,,,,,,,,,,,,,,,,,,,,3,3
573,Cinccino,,0,0,0,,,,,,,,,,,,,,,,,,,,,,,,,,,,3,3
574,Gothita,,0,0,0,,,,,,,,,,,,,,,,,,,,,,,,,,,,3,3
575,Gothorita,,0,0,0,,,,,,,,,,,,,,,,,,,,,,,,,,,,3,3
576,Gothitelle,,0,0,0,,,,,,,,,,,,,,,,,,,,,,,,,,,,3,3
577,Solosis,,0,0,0,,,,,,,,,,,,,,,,,,,,,,,,,,,,3,3
578,Duosion,,0,0,0,,,,,,,,,,,,,,,,,,,,,,,,,,,,3,3
579,Reuniclus,,0,0,0,,,,,,,,,,,,,,,,,,,,,,,,,,,,3,3
580,Ducklett,,0,0,0,,,,,,,,,,,,,,,,,,,,,,,,,,,,3,3
581,Swanna,,0,0,0,,,,,,,,,,,,,,,,,,,,,,,,,,,,3,3
582,Vanillite,,0,0,0,,,,,,,,,,,,,,,,,,,,,,,,,,,,3,3
583,Vanillish,,0,0,0,,,,,,,,,,,,,,,,,,,,,,,,,,,,3,3
584,Vanilluxe,,0,0,0,,,,,,,,,,,,,,,,,,,,,,,,,,,,3,3
585,Deerling,,0,0,0,,,,,,,,,,,,,,,,,,,,,,,,,,,,3,3
586,Sawsbuck,,0,0,0,,,,,,,,,,,,,,,,,,,,,,,,,,,,3,3
587,Emolga,,0,0,0,,,,,,,,,,,,,,,,,,,,,,,,,,,,3,3
588,Karrablast,,0,0,0,,,,,,,,,,,,,,,,,,,,,,,,,,,,3,3
589,Escavalier,,0,0,0,,,,,,,,,,,,,,,,,,,,,,,,,,,,3,3
590,Foongus,,0,0,0,,,,,,,,,,,,,,,,,,,,,,,,,,,,3,3
591,Amoonguss,,0,0,0,,,,,,,,,,,,,,,,,,,,,,,,,,,,3,3
592,Frillish,,0,0,0,,,,,,,,,,,,,,,,,,,,,,,,,,,,3,3
593,Jellicent,,0,0,0,,,,,,,,,,,,,,,,,,,,,,,,,,,,3,3
594,Alomomola,,0,0,0,,,,,,,,,,,,,,,,,,,,,,,,,,,,3,3
595,Joltik,,0,0,0,,,,,,,,,,,,,,,,,,,,,,,,,,,,3,3
596,Galvantula,,0,0,0,,,,,,,,,,,,,,,,,,,,,,,,,,,,3,3
597,Ferroseed,,0,0,0,,,,,,,,,,,,,,,,,,,,,,,,,,,,3,3
598,Ferrothorn,,0,0,0,,,,,,,,,,,,,,,,,,,,,,,,,,,,3,3
599,Klink,,0,0,0,,,,,,,,,,,,,,,,,,,,,,,,,,,,3,3
600,Klang,,0,0,0,,,,,,,,,,,,,,,,,,,,,,,,,,,,3,3
601,Klinklang,,0,0,0,,,,,,,,,,,,,,,,,,,,,,,,,,,,3,3
602,Tynamo,,0,0,0,,,,,,,,,,,,,,,,,,,,,,,,,,,,3,3
603,Eelektrik,,0,0,0,,,,,,,,,,,,,,,,,,,,,,,,,,,,3,3
604,Eelektross,,0,0,0,,,,,,,,,,,,,,,,,,,,,,,,,,,,3,3
605,Elgyem,,0,0,0,,,,,,,,,,,,,,,,,,,,,,,,,,,,3,3
606,Beheeyem,,0,0,0,,,,,,,,,,,,,,,,,,,,,,,,,,,,3,3
607,Litwick,,0,0,0,,,,,,,,,,,,,,,,,,,,,,,,,,,,3,3
608,Lampent,,0,0,0,,,,,,,,,,,,,,,,,,,,,,,,,,,,3,3
609,Chandelure,,0,0,0,,,,,,,,,,,,,,,,,,,,,,,,,,,,3,3
610,Axew,,0,0,0,,,,,,,,,,,,,,,,,,,,,,,,,,,,3,3
611,Fraxure,,0,0,0,,,,,,,,,,,,,,,,,,,,,,,,,,,,3,3
612,Haxorus,,0,0,0,,,,,,,,,,,,,,,,,,,,,,,,,,,,3,3
613,Cubchoo,,0,0,0,,,,,,,,,,,,,,,,,,,,,,,,,,,,3,3
614,Beartic,,0,0,0,,,,,,,,,,,,,,,,,,,,,,,,,,,,3,3
615,Cryogonal,,0,0,0,,,,,,,,,,,,,,,,,,,,,,,,,,,,3,3
616,Shelmet,,0,0,0,,,,,,,,,,,,,,,,,,,,,,,,,,,,3,3
617,Accelgor,,0,0,0,,,,,,,,,,,,,,,,,,,,,,,,,,,,3,3
618,Stunfisk,,0,0,0,,,,,,,,,,,,,,,,,,,,,,,,,,,,3,3
619,Mienfoo,,0,0,0,,,,,,,,,,,,,,,,,,,,,,,,,,,,3,3
620,Mienshao,,0,0,0,,,,,,,,,,,,,,,,,,,,,,,,,,,,3,3
621,Druddigon,,0,0,0,,,,,,,,,,,,,,,,,,,,,,,,,,,,3,3
622,Golett,,0,0,0,,,,,,,,,,,,,,,,,,,,,,,,,,,,3,3
623,Golurk,,0,0,0,,,,,,,,,,,,,,,,,,,,,,,,,,,,3,3
624,Pawniard,,0,0,0,,,,,,,,,,,,,,,,,,,,,,,,,,,,3,3
625,Bisharp,,0,0,0,,,,,,,,,,,,,,,,,,,,,,,,,,,,3,3
626,Bouffalant,,0,0,0,,,,,,,,,,,,,,,,,,,,,,,,,,,,3,3
627,Rufflet,,0,0,0,,,,,,,,,,,,,,,,,,,,,,,,,,,,3,3
628,Braviary,,0,0,0,,,,,,,,,,,,,,,,,,,,,,,,,,,,3,3
629,Vullaby,,0,0,0,,,,,,,,,,,,,,,,,,,,,,,,,,,,3,3
630,Mandibuzz,,0,0,0,,,,,,,,,,,,,,,,,,,,,,,,,,,,3,3
631,Heatmor,,0,0,0,,,,,,,,,,,,,,,,,,,,,,,,,,,,3,3
632,Durant,,0,0,0,,,,,,,,,,,,,,,,,,,,,,,,,,,,3,3
633,Deino,,0,0,0,,,,,,,,,,,,,,,,,,,,,,,,,,,,3,3
634,Zweilous,,0,0,0,,,,,,,,,,,,,,,,,,,,,,,,,,,,3,3
635,Hydreigon,,0,0,0,,,,,,,,,,,,,,,,,,,,,,,,,,,,3,3
636,Larvesta,,0,0,0,,,,,,,,,,,,,,,,,,,,,,,,,,,,3,3
637,Volcarona,,0,0,0,,,,,,,,,,,,,,,,,,,,,,,,,,,,3,3
638,Cobalion,,0,0,0,,,,,,,,,,,,,,,,,,,,,,,,,,,,3,3
639,Terrakion,,0,0,0,,,,,,,,,,,,,,,,,,,,,,,,,,,,3,3
640,Virizion,,0,0,0,,,,,,,,,,,,,,,,,,,,,,,,,,,,3,3
641,Tornadus,,0,0,0,,,,,,,,,,,,,,,,,,,,,,,,,,,,3,3
642,Thundurus,,0,0,0,,,,,,,,,,,,,,,,,,,,,,,,,,,,3,3
643,Reshiram,,0,0,0,,,,,,,,,,,,,,,,,,,,,,,,,,,,3,3
644,Zekrom,,0,0,0,,,,,,,,,,,,,,,,,,,,,,,,,,,,3,3
645,Landorus,,0,0,0,,,,,,,,,,,,,,,,,,,,,,,,,,,,3,3
646,Kyurem,,0,0,0,,,,,,,,,,,,,,,,,,,,,,,,,,,,3,3
647,Keldeo,,0,0,0,,,,,,,,,,,,,,,,,,,,,,,,,,,,3,3
648,Meloetta,,0,0,0,,,,,,,,,,,,,,,,,,,,,,,,,,,,3,3
649,Genesect,,0,0,0,,,,,,,,,,,,,,,,,,,,,,,,,,,,3,3
650,Chespin,,0,0,0,,,,,,,,,,,,,,,,,,,,,,,,,,,,3,3
651,Quilladin,,0,0,0,,,,,,,,,,,,,,,,,,,,,,,,,,,,3,3
652,Chesnaught,,0,0,0,,,,,,,,,,,,,,,,,,,,,,,,,,,,3,3
653,Fennekin,,0,0,0,,,,,,,,,,,,,,,,,,,,,,,,,,,,3,3
654,Braixen,,0,0,0,,,,,,,,,,,,,,,,,,,,,,,,,,,,3,3
655,Delphox,,0,0,0,,,,,,,,,,,,,,,,,,,,,,,,,,,,3,3
656,Froakie,,0,0,0,,,,,,,,,,,,,,,,,,,,,,,,,,,,3,3
657,Frogadier,,0,0,0,,,,,,,,,,,,,,,,,,,,,,,,,,,,3,3
658,Greninja,,0,0,0,,,,,,,,,,,,,,,,,,,,,,,,,,,,3,3
659,Bunnelby,,0,0,0,,,,,,,,,,,,,,,,,,,,,,,,,,,,3,3
660,Diggersby,,0,0,0,,,,,,,,,,,,,,,,,,,,,,,,,,,,3,3
661,Fletchling,,0,0,0,,,,,,,,,,,,,,,,,,,,,,,,,,,,3,3
662,Fletchinder,,0,0,0,,,,,,,,,,,,,,,,,,,,,,,,,,,,3,3
663,Talonflame,,0,0,0,,,,,,,,,,,,,,,,,,,,,,,,,,,,3,3
664,Scatterbug,,0,0,0,,,,,,,,,,,,,,,,,,,,,,,,,,,,3,3
665,Spewpa,,0,0,0,,,,,,,,,,,,,,,,,,,,,,,,,,,,3,3
666,Vivillon,,0,0,0,,,,,,,,,,,,,,,,,,,,,,,,,,,,3,3
667,Litleo,,0,0,0,,,,,,,,,,,,,,,,,,,,,,,,,,,,3,3
668,Pyroar,,0,0,0,,,,,,,,,,,,,,,,,,,,,,,,,,,,3,3
669,Flabébé,,0,0,0,,,,,,,,,,,,,,,,,,,,,,,,,,,,3,3
670,Floette,,0,0,0,,,,,,,,,,,,,,,,,,,,,,,,,,,,3,3
671,Florges,,0,0,0,,,,,,,,,,,,,,,,,,,,,,,,,,,,3,3
672,Skiddo,,0,0,0,,,,,,,,,,,,,,,,,,,,,,,,,,,,3,3
673,Gogoat,,0,0,0,,,,,,,,,,,,,,,,,,,,,,,,,,,,3,3
674,Pancham,,0,0,0,,,,,,,,,,,,,,,,,,,,,,,,,,,,3,3
675,Pangoro,,0,0,0,,,,,,,,,,,,,,,,,,,,,,,,,,,,3,3
676,Furfrou,,0,0,0,,,,,,,,,,,,,,,,,,,,,,,,,,,,3,3
677,Espurr,,0,0,0,,,,,,,,,,,,,,,,,,,,,,,,,,,,3,3
678,Meowstic,,0,0,0,,,,,,,,,,,,,,,,,,,,,,,,,,,,3,3
679,Honedge,,0,0,0,,,,,,,,,,,,,,,,,,,,,,,,,,,,3,3
680,Doublade,,0,0,0,,,,,,,,,,,,,,,,,,,,,,,,,,,,3,3
681,Aegislash,,0,0,0,,,,,,,,,,,,,,,,,,,,,,,,,,,,3,3
682,Spritzee,,0,0,0,,,,,,,,,,,,,,,,,,,,,,,,,,,,3,3
683,Aromatisse,,0,0,0,,,,,,,,,,,,,,,,,,,,,,,,,,,,3,3
684,Swirlix,,0,0,0,,,,,,,,,,,,,,,,,,,,,,,,,,,,3,3
685,Slurpuff,,0,0,0,,,,,,,,,,,,,,,,,,,,,,,,,,,,3,3
686,Inkay,,0,0,0,,,,,,,,,,,,,,,,,,,,,,,,,,,,3,3
687,Malamar,,0,0,0,,,,,,,,,,,,,,,,,,,,,,,,,,,,3,3
688,Binacle,,0,0,0,,,,,,,,,,,,,,,,,,,,,,,,,,,,3,3
689,Barbaracle,,0,0,0,,,,,,,,,,,,,,,,,,,,,,,,,,,,3,3
690,Skrelp,,0,0,0,,,,,,,,,,,,,,,,,,,,,,,,,,,,3,3
691,Dragalge,,0,0,0,,,,,,,,,,,,,,,,,,,,,,,,,,,,3,3
692,Clauncher,,0,0,0,,,,,,,,,,,,,,,,,,,,,,,,,,,,3,3
693,Clawitzer,,0,0,0,,,,,,,,,,,,,,,,,,,,,,,,,,,,3,3
694,Helioptile,,0,0,0,,,,,,,,,,,,,,,,,,,,,,,,,,,,3,3
695,Heliolisk,,0,0,0,,,,,,,,,,,,,,,,,,,,,,,,,,,,3,3
696,Tyrunt,,0,0,0,,,,,,,,,,,,,,,,,,,,,,,,,,,,3,3
697,Tyrantrum,,0,0,0,,,,,,,,,,,,,,,,,,,,,,,,,,,,3,3
698,Amaura,,0,0,0,,,,,,,,,,,,,,,,,,,,,,,,,,,,3,3
699,Aurorus,,0,0,0,,,,,,,,,,,,,,,,,,,,,,,,,,,,3,3
700,Sylveon,,0,0,0,,,,,,,,,,,,,,,,,,,,,,,,,,,,3,3
701,Hawlucha,,0,0,0,,,,,,,,,,,,,,,,,,,,,,,,,,,,3,3
702,Dedenne,,0,0,0,,,,,,,,,,,,,,,,,,,,,,,,,,,,3,3
703,Carbink,,0,0,0,,,,,,,,,,,,,,,,,,,,,,,,,,,,3,3
704,Goomy,,0,0,0,,,,,,,,,,,,,,,,,,,,,,,,,,,,3,3
705,Sliggoo,,0,0,0,,,,,,,,,,,,,,,,,,,,,,,,,,,,3,3
706,Goodra,,0,0,0,,,,,,,,,,,,,,,,,,,,,,,,,,,,3,3
707,Klefki,,0,0,0,,,,,,,,,,,,,,,,,,,,,,,,,,,,3,3
708,Phantump,,0,0,0,,,,,,,,,,,,,,,,,,,,,,,,,,,,3,3
709,Trevenant,,0,0,0,,,,,,,,,,,,,,,,,,,,,,,,,,,,3,3
710,Pumpkaboo,,0,0,0,,,,,,,,,,,,,,,,,,,,,,,,,,,,3,3
711,Gourgeist,,0,0,0,,,,,,,,,,,,,,,,,,,,,,,,,,,,3,3
712,Bergmite,,0,0,0,,,,,,,,,,,,,,,,,,,,,,,,,,,,3,3
713,Avalugg,,0,0,0,,,,,,,,,,,,,,,,,,,,,,,,,,,,3,3
714,Noibat,,0,0,0,,,,,,,,,,,,,,,,,,,,,,,,,,,,3,3
715,Noivern,,0,0,0,,,,,,,,,,,,,,,,,,,,,,,,,,,,3,3
716,Xerneas,,0,0,0,,,,,,,,,,,,,,,,,,,,,,,,,,,,3,3
717,Yveltal,,0,0,0,,,,,,,,,,,,,,,,,,,,,,,,,,,,3,3
718,Zygarde,,0,0,0,,,,,,,,,,,,,,,,,,,,,,,,,,,,3,3
719,Diancie,,0,0,0,,,,,,,,,,,,,,,,,,,,,,,,,,,,3,3
720,,,0,0,0,,,,,,,,,,,,,,,,,,,,,,,,,,,,3,3
721,,,0,0,0,,,,,,,,,,,,,,,,,,,,,,,,,,,,3,3
722,,,0,0,0,,,,,,,,,,,,,,,,,,,,,,,,,,,,3,3
723,,,0,0,0,,,,,,,,,,,,,,,,,,,,,,,,,,,,3,3
724,,,0,0,0,,,,,,,,,,,,,,,,,,,,,,,,,,,,3,3
725,,,0,0,0,,,,,,,,,,,,,,,,,,,,,,,,,,,,3,3
726,,,0,0,0,,,,,,,,,,,,,,,,,,,,,,,,,,,,3,3
727,,,0,0,0,,,,,,,,,,,,,,,,,,,,,,,,,,,,3,3
728,,,0,0,0,,,,,,,,,,,,,,,,,,,,,,,,,,,,3,3
729,,,0,0,0,,,,,,,,,,,,,,,,,,,,,,,,,,,,3,3
730,,,0,0,0,,,,,,,,,,,,,,,,,,,,,,,,,,,,3,3
731,,,0,0,0,,,,,,,,,,,,,,,,,,,,,,,,,,,,3,3
732,,,0,0,0,,,,,,,,,,,,,,,,,,,,,,,,,,,,3,3
733,,,0,0,0,,,,,,,,,,,,,,,,,,,,,,,,,,,,3,3
734,,,0,0,0,,,,,,,,,,,,,,,,,,,,,,,,,,,,3,3
735,,,0,0,0,,,,,,,,,,,,,,,,,,,,,,,,,,,,3,3
736,,,0,0,0,,,,,,,,,,,,,,,,,,,,,,,,,,,,3,3
737,,,0,0,0,,,,,,,,,,,,,,,,,,,,,,,,,,,,3,3
738,,,0,0,0,,,,,,,,,,,,,,,,,,,,,,,,,,,,3,3
739,,,0,0,0,,,,,,,,,,,,,,,,,,,,,,,,,,,,3,3
740,,,0,0,0,,,,,,,,,,,,,,,,,,,,,,,,,,,,3,3
741,,,0,0,0,,,,,,,,,,,,,,,,,,,,,,,,,,,,3,3
742,,,0,0,0,,,,,,,,,,,,,,,,,,,,,,,,,,,,3,3
743,,,0,0,0,,,,,,,,,,,,,,,,,,,,,,,,,,,,3,3
744,,,0,0,0,,,,,,,,,,,,,,,,,,,,,,,,,,,,3,3
745,,,0,0,0,,,,,,,,,,,,,,,,,,,,,,,,,,,,3,3
746,,,0,0,0,,,,,,,,,,,,,,,,,,,,,,,,,,,,3,3
747,,,0,0,0,,,,,,,,,,,,,,,,,,,,,,,,,,,,3,3
748,,,0,0,0,,,,,,,,,,,,,,,,,,,,,,,,,,,,3,3
749,,,0,0,0,,,,,,,,,,,,,,,,,,,,,,,,,,,,3,3
750,,,0,0,0,,,,,,,,,,,,,,,,,,,,,,,,,,,,3,3
751,,,0,0,0,,,,,,,,,,,,,,,,,,,,,,,,,,,,3,3
752,,,0,0,0,,,,,,,,,,,,,,,,,,,,,,,,,,,,3,3
753,,,0,0,0,,,,,,,,,,,,,,,,,,,,,,,,,,,,3,3
754,,,0,0,0,,,,,,,,,,,,,,,,,,,,,,,,,,,,3,3
755,,,0,0,0,,,,,,,,,,,,,,,,,,,,,,,,,,,,3,3
756,,,0,0,0,,,,,,,,,,,,,,,,,,,,,,,,,,,,3,3
757,,,0,0,0,,,,,,,,,,,,,,,,,,,,,,,,,,,,3,3
758,,,0,0,0,,,,,,,,,,,,,,,,,,,,,,,,,,,,3,3
759,,,0,0,0,,,,,,,,,,,,,,,,,,,,,,,,,,,,3,3
760,,,0,0,0,,,,,,,,,,,,,,,,,,,,,,,,,,,,3,3
761,,,0,0,0,,,,,,,,,,,,,,,,,,,,,,,,,,,,3,3
762,,,0,0,0,,,,,,,,,,,,,,,,,,,,,,,,,,,,3,3
763,,,0,0,0,,,,,,,,,,,,,,,,,,,,,,,,,,,,3,3
764,,,0,0,0,,,,,,,,,,,,,,,,,,,,,,,,,,,,3,3
765,,,0,0,0,,,,,,,,,,,,,,,,,,,,,,,,,,,,3,3
766,,,0,0,0,,,,,,,,,,,,,,,,,,,,,,,,,,,,3,3
767,,,0,0,0,,,,,,,,,,,,,,,,,,,,,,,,,,,,3,3
768,,,0,0,0,,,,,,,,,,,,,,,,,,,,,,,,,,,,3,3
769,,,0,0,0,,,,,,,,,,,,,,,,,,,,,,,,,,,,3,3
770,,,0,0,0,,,,,,,,,,,,,,,,,,,,,,,,,,,,3,3
771,,,0,0,0,,,,,,,,,,,,,,,,,,,,,,,,,,,,3,3
772,,,0,0,0,,,,,,,,,,,,,,,,,,,,,,,,,,,,3,3
773,,,0,0,0,,,,,,,,,,,,,,,,,,,,,,,,,,,,3,3
774,,,0,0,0,,,,,,,,,,,,,,,,,,,,,,,,,,,,3,3
,,,,,,,,,,,,,,,,,,,,,,,,,,,,,,,,,3,3
,,,,,,,,,,,,,,,,,,,,,,,,,,,,,,,,,3,3
,,,,,,,,,,,,,,,,,,,,,,,,,,,,,,,,,3,3
,,,,,,,,,,,,,,,,,,,,,,,,,,,,,,,,,3,3
,,,,,,,,,,,,,,,,,,,,,,,,,,,,,,,,,3,3
,,,,,,,,,,,,,,,,,,,,,,,,,,,,,,,,,3,3
,,,,,,,,,,,,,,,,,,,,,,,,,,,,,,,,,3,3
,,,,,,,,,,,,,,,,,,,,,,,,,,,,,,,,,3,3
,,,,,,,,,,,,,,,,,,,,,,,,,,,,,,,,,3,3
,,,,,,,,,,,,,,,,,,,,,,,,,,,,,,,,,3,3
,,,,,,,,,,,,,,,,,,,,,,,,,,,,,,,,,3,3
,,,,,,,,,,,,,,,,,,,,,,,,,,,,,,,,,3,3
,,,,,,,,,,,,,,,,,,,,,,,,,,,,,,,,,3,3
,,,,,,,,,,,,,,,,,,,,,,,,,,,,,,,,,3,3
,,,,,,,,,,,,,,,,,,,,,,,,,,,,,,,,,3,3
,,,,,,,,,,,,,,,,,,,,,,,,,,,,,,,,,3,3
,,,,,,,,,,,,,,,,,,,,,,,,,,,,,,,,,3,3
,,,,,,,,,,,,,,,,,,,,,,,,,,,,,,,,,3,3
,,,,,,,,,,,,,,,,,,,,,,,,,,,,,,,,,3,3
,,,,,,,,,,,,,,,,,,,,,,,,,,,,,,,,,3,3
,,,,,,,,,,,,,,,,,,,,,,,,,,,,,,,,,3,3
,,,,,,,,,,,,,,,,,,,,,,,,,,,,,,,,,3,3
,,,,,,,,,,,,,,,,,,,,,,,,,,,,,,,,,3,3
,,,,,,,,,,,,,,,,,,,,,,,,,,,,,,,,,3,3
,,,,,,,,,,,,,,,,,,,,,,,,,,,,,,,,,3,3
,,,,,,,,,,,,,,,,,,,,,,,,,,,,,,,,,3,3
,,,,,,,,,,,,,,,,,,,,,,,,,,,,,,,,,3,3
,,,,,,,,,,,,,,,,,,,,,,,,,,,,,,,,,3,3
,,,,,,,,,,,,,,,,,,,,,,,,,,,,,,,,,3,3
,,,,,,,,,,,,,,,,,,,,,,,,,,,,,,,,,3,3
,,,,,,,,,,,,,,,,,,,,,,,,,,,,,,,,,3,3
,,,,,,,,,,,,,,,,,,,,,,,,,,,,,,,,,3,3
,,,,,,,,,,,,,,,,,,,,,,,,,,,,,,,,,3,3
,,,,,,,,,,,,,,,,,,,,,,,,,,,,,,,,,3,3
,,,,,,,,,,,,,,,,,,,,,,,,,,,,,,,,,3,3
,,,,,,,,,,,,,,,,,,,,,,,,,,,,,,,,,3,3
,,,,,,,,,,,,,,,,,,,,,,,,,,,,,,,,,3,3
,,,,,,,,,,,,,,,,,,,,,,,,,,,,,,,,,3,3
,,,,,,,,,,,,,,,,,,,,,,,,,,,,,,,,,3,3
,,,,,,,,,,,,,,,,,,,,,,,,,,,,,,,,,3,3
,,,,,,,,,,,,,,,,,,,,,,,,,,,,,,,,,3,3
,,,,,,,,,,,,,,,,,,,,,,,,,,,,,,,,,3,3
,,,,,,,,,,,,,,,,,,,,,,,,,,,,,,,,,3,3
,,,,,,,,,,,,,,,,,,,,,,,,,,,,,,,,,3,3
,,,,,,,,,,,,,,,,,,,,,,,,,,,,,,,,,3,3
,,,,,,,,,,,,,,,,,,,,,,,,,,,,,,,,,3,3
,,,,,,,,,,,,,,,,,,,,,,,,,,,,,,,,,3,3
,,,,,,,,,,,,,,,,,,,,,,,,,,,,,,,,,3,3
,,,,,,,,,,,,,,,,,,,,,,,,,,,,,,,,,3,3
,,,,,,,,,,,,,,,,,,,,,,,,,,,,,,,,,3,3
,,,,,,,,,,,,,,,,,,,,,,,,,,,,,,,,,3,3
,,,,,,,,,,,,,,,,,,,,,,,,,,,,,,,,,3,3
,,,,,,,,,,,,,,,,,,,,,,,,,,,,,,,,,3,3
,,,,,,,,,,,,,,,,,,,,,,,,,,,,,,,,,3,3
,,,,,,,,,,,,,,,,,,,,,,,,,,,,,,,,,3,3
,,,,,,,,,,,,,,,,,,,,,,,,,,,,,,,,,3,3
,,,,,,,,,,,,,,,,,,,,,,,,,,,,,,,,,3,3
,,,,,,,,,,,,,,,,,,,,,,,,,,,,,,,,,3,3
,,,,,,,,,,,,,,,,,,,,,,,,,,,,,,,,,3,3
,,,,,,,,,,,,,,,,,,,,,,,,,,,,,,,,,3,3
,,,,,,,,,,,,,,,,,,,,,,,,,,,,,,,,,3,3
,,,,,,,,,,,,,,,,,,,,,,,,,,,,,,,,,3,3
,,,,,,,,,,,,,,,,,,,,,,,,,,,,,,,,,3,3
,,,,,,,,,,,,,,,,,,,,,,,,,,,,,,,,,3,3
,,,,,,,,,,,,,,,,,,,,,,,,,,,,,,,,,3,3
,,,,,,,,,,,,,,,,,,,,,,,,,,,,,,,,,3,3
,,,,,,,,,,,,,,,,,,,,,,,,,,,,,,,,,3,3
,,,,,,,,,,,,,,,,,,,,,,,,,,,,,,,,,3,3
,,,,,,,,,,,,,,,,,,,,,,,,,,,,,,,,,3,3
,,,,,,,,,,,,,,,,,,,,,,,,,,,,,,,,,3,3
,,,,,,,,,,,,,,,,,,,,,,,,,,,,,,,,,3,3
,,,,,,,,,,,,,,,,,,,,,,,,,,,,,,,,,3,3
,,,,,,,,,,,,,,,,,,,,,,,,,,,,,,,,,3,3
,,,,,,,,,,,,,,,,,,,,,,,,,,,,,,,,,3,3
,,,,,,,,,,,,,,,,,,,,,,,,,,,,,,,,,3,3
,,,,,,,,,,,,,,,,,,,,,,,,,,,,,,,,,3,3
,,,,,,,,,,,,,,,,,,,,,,,,,,,,,,,,,3,3
,,,,,,,,,,,,,,,,,,,,,,,,,,,,,,,,,3,3
,,,,,,,,,,,,,,,,,,,,,,,,,,,,,,,,,3,3
,,,,,,,,,,,,,,,,,,,,,,,,,,,,,,,,,3,3
,,,,,,,,,,,,,,,,,,,,,,,,,,,,,,,,,3,3
,,,,,,,,,,,,,,,,,,,,,,,,,,,,,,,,,3,3
,,,,,,,,,,,,,,,,,,,,,,,,,,,,,,,,,3,3
,,,,,,,,,,,,,,,,,,,,,,,,,,,,,,,,,3,3
,,,,,,,,,,,,,,,,,,,,,,,,,,,,,,,,,3,3
,,,,,,,,,,,,,,,,,,,,,,,,,,,,,,,,,3,3
,,,,,,,,,,,,,,,,,,,,,,,,,,,,,,,,,3,3
,,,,,,,,,,,,,,,,,,,,,,,,,,,,,,,,,3,3
,,,,,,,,,,,,,,,,,,,,,,,,,,,,,,,,,3,3
,,,,,,,,,,,,,,,,,,,,,,,,,,,,,,,,,3,3
,,,,,,,,,,,,,,,,,,,,,,,,,,,,,,,,,3,3
,,,,,,,,,,,,,,,,,,,,,,,,,,,,,,,,,3,3
,,,,,,,,,,,,,,,,,,,,,,,,,,,,,,,,,3,3
,,,,,,,,,,,,,,,,,,,,,,,,,,,,,,,,,3,3
,,,,,,,,,,,,,,,,,,,,,,,,,,,,,,,,,3,3
,,,,,,,,,,,,,,,,,,,,,,,,,,,,,,,,,3,3
,,,,,,,,,,,,,,,,,,,,,,,,,,,,,,,,,3,3
,,,,,,,,,,,,,,,,,,,,,,,,,,,,,,,,,3,3
,,,,,,,,,,,,,,,,,,,,,,,,,,,,,,,,,3,3
,,,,,,,,,,,,,,,,,,,,,,,,,,,,,,,,,3,3
,,,,,,,,,,,,,,,,,,,,,,,,,,,,,,,,,3,3
,,,,,,,,,,,,,,,,,,,,,,,,,,,,,,,,,3,3
,,,,,,,,,,,,,,,,,,,,,,,,,,,,,,,,,3,3
,,,,,,,,,,,,,,,,,,,,,,,,,,,,,,,,,3,3
,,,,,,,,,,,,,,,,,,,,,,,,,,,,,,,,,3,3
,,,,,,,,,,,,,,,,,,,,,,,,,,,,,,,,,3,3
,,,,,,,,,,,,,,,,,,,,,,,,,,,,,,,,,3,3
,,,,,,,,,,,,,,,,,,,,,,,,,,,,,,,,,3,3
,,,,,,,,,,,,,,,,,,,,,,,,,,,,,,,,,3,3
,,,,,,,,,,,,,,,,,,,,,,,,,,,,,,,,,3,3
,,,,,,,,,,,,,,,,,,,,,,,,,,,,,,,,,3,3
,,,,,,,,,,,,,,,,,,,,,,,,,,,,,,,,,3,3
,,,,,,,,,,,,,,,,,,,,,,,,,,,,,,,,,3,3
,,,,,,,,,,,,,,,,,,,,,,,,,,,,,,,,,3,3
,,,,,,,,,,,,,,,,,,,,,,,,,,,,,,,,,3,3
,,,,,,,,,,,,,,,,,,,,,,,,,,,,,,,,,3,3
,,,,,,,,,,,,,,,,,,,,,,,,,,,,,,,,,3,3
,,,,,,,,,,,,,,,,,,,,,,,,,,,,,,,,,3,3
,,,,,,,,,,,,,,,,,,,,,,,,,,,,,,,,,3,3
,,,,,,,,,,,,,,,,,,,,,,,,,,,,,,,,,3,3
,,,,,,,,,,,,,,,,,,,,,,,,,,,,,,,,,3,3
,,,,,,,,,,,,,,,,,,,,,,,,,,,,,,,,,3,3
,,,,,,,,,,,,,,,,,,,,,,,,,,,,,,,,,3,3
,,,,,,,,,,,,,,,,,,,,,,,,,,,,,,,,,3,3
,,,,,,,,,,,,,,,,,,,,,,,,,,,,,,,,,3,3
,,,,,,,,,,,,,,,,,,,,,,,,,,,,,,,,,3,3
,,,,,,,,,,,,,,,,,,,,,,,,,,,,,,,,,3,3
,,,,,,,,,,,,,,,,,,,,,,,,,,,,,,,,,3,3
,,,,,,,,,,,,,,,,,,,,,,,,,,,,,,,,,3,3
,,,,,,,,,,,,,,,,,,,,,,,,,,,,,,,,,3,3
,,,,,,,,,,,,,,,,,,,,,,,,,,,,,,,,,3,3
,,,,,,,,,,,,,,,,,,,,,,,,,,,,,,,,,3,3
,,,,,,,,,,,,,,,,,,,,,,,,,,,,,,,,,3,3
,,,,,,,,,,,,,,,,,,,,,,,,,,,,,,,,,3,3
,,,,,,,,,,,,,,,,,,,,,,,,,,,,,,,,,3,3
,,,,,,,,,,,,,,,,,,,,,,,,,,,,,,,,,3,3
,,,,,,,,,,,,,,,,,,,,,,,,,,,,,,,,,3,3
,,,,,,,,,,,,,,,,,,,,,,,,,,,,,,,,,3,3
,,,,,,,,,,,,,,,,,,,,,,,,,,,,,,,,,3,3
,,,,,,,,,,,,,,,,,,,,,,,,,,,,,,,,,3,3
,,,,,,,,,,,,,,,,,,,,,,,,,,,,,,,,,3,3
,,,,,,,,,,,,,,,,,,,,,,,,,,,,,,,,,3,3
,,,,,,,,,,,,,,,,,,,,,,,,,,,,,,,,,3,3
,,,,,,,,,,,,,,,,,,,,,,,,,,,,,,,,,3,3
,,,,,,,,,,,,,,,,,,,,,,,,,,,,,,,,,3,3
,,,,,,,,,,,,,,,,,,,,,,,,,,,,,,,,,3,3
,,,,,,,,,,,,,,,,,,,,,,,,,,,,,,,,,3,3
,,,,,,,,,,,,,,,,,,,,,,,,,,,,,,,,,3,3
,,,,,,,,,,,,,,,,,,,,,,,,,,,,,,,,,3,3
,,,,,,,,,,,,,,,,,,,,,,,,,,,,,,,,,3,3
,,,,,,,,,,,,,,,,,,,,,,,,,,,,,,,,,3,3
,,,,,,,,,,,,,,,,,,,,,,,,,,,,,,,,,3,3
,,,,,,,,,,,,,,,,,,,,,,,,,,,,,,,,,3,3
,,,,,,,,,,,,,,,,,,,,,,,,,,,,,,,,,3,3
,,,,,,,,,,,,,,,,,,,,,,,,,,,,,,,,,3,3
,,,,,,,,,,,,,,,,,,,,,,,,,,,,,,,,,3,3
,,,,,,,,,,,,,,,,,,,,,,,,,,,,,,,,,3,3
,,,,,,,,,,,,,,,,,,,,,,,,,,,,,,,,,3,3
,,,,,,,,,,,,,,,,,,,,,,,,,,,,,,,,,3,3
,,,,,,,,,,,,,,,,,,,,,,,,,,,,,,,,,3,3
,,,,,,,,,,,,,,,,,,,,,,,,,,,,,,,,,3,3
,,,,,,,,,,,,,,,,,,,,,,,,,,,,,,,,,3,3
,,,,,,,,,,,,,,,,,,,,,,,,,,,,,,,,,3,3
,,,,,,,,,,,,,,,,,,,,,,,,,,,,,,,,,3,3
,,,,,,,,,,,,,,,,,,,,,,,,,,,,,,,,,3,3
,,,,,,,,,,,,,,,,,,,,,,,,,,,,,,,,,3,3
,,,,,,,,,,,,,,,,,,,,,,,,,,,,,,,,,3,3
,,,,,,,,,,,,,,,,,,,,,,,,,,,,,,,,,3,3
,,,,,,,,,,,,,,,,,,,,,,,,,,,,,,,,,3,3
,,,,,,,,,,,,,,,,,,,,,,,,,,,,,,,,,3,3
,,,,,,,,,,,,,,,,,,,,,,,,,,,,,,,,,3,3
,,,,,,,,,,,,,,,,,,,,,,,,,,,,,,,,,3,3
,,,,,,,,,,,,,,,,,,,,,,,,,,,,,,,,,3,3
,,,,,,,,,,,,,,,,,,,,,,,,,,,,,,,,,3,3
,,,,,,,,,,,,,,,,,,,,,,,,,,,,,,,,,3,3
,,,,,,,,,,,,,,,,,,,,,,,,,,,,,,,,,3,3
,,,,,,,,,,,,,,,,,,,,,,,,,,,,,,,,,3,3
,,,,,,,,,,,,,,,,,,,,,,,,,,,,,,,,,3,3
,,,,,,,,,,,,,,,,,,,,,,,,,,,,,,,,,3,3
,,,,,,,,,,,,,,,,,,,,,,,,,,,,,,,,,3,3
,,,,,,,,,,,,,,,,,,,,,,,,,,,,,,,,,3,3
,,,,,,,,,,,,,,,,,,,,,,,,,,,,,,,,,3,3
,,,,,,,,,,,,,,,,,,,,,,,,,,,,,,,,,3,3
,,,,,,,,,,,,,,,,,,,,,,,,,,,,,,,,,3,3
,,,,,,,,,,,,,,,,,,,,,,,,,,,,,,,,,3,3
,,,,,,,,,,,,,,,,,,,,,,,,,,,,,,,,,3,3
,,,,,,,,,,,,,,,,,,,,,,,,,,,,,,,,,3,3
,,,,,,,,,,,,,,,,,,,,,,,,,,,,,,,,,3,3
,,,,,,,,,,,,,,,,,,,,,,,,,,,,,,,,,3,3
,,,,,,,,,,,,,,,,,,,,,,,,,,,,,,,,,3,3
,,,,,,,,,,,,,,,,,,,,,,,,,,,,,,,,,3,3
,,,,,,,,,,,,,,,,,,,,,,,,,,,,,,,,,3,3
,,,,,,,,,,,,,,,,,,,,,,,,,,,,,,,,,3,3
,,,,,,,,,,,,,,,,,,,,,,,,,,,,,,,,,3,3
,,,,,,,,,,,,,,,,,,,,,,,,,,,,,,,,,3,3
,,,,,,,,,,,,,,,,,,,,,,,,,,,,,,,,,3,3
,,,,,,,,,,,,,,,,,,,,,,,,,,,,,,,,,3,3
,,,,,,,,,,,,,,,,,,,,,,,,,,,,,,,,,3,3
,,,,,,,,,,,,,,,,,,,,,,,,,,,,,,,,,3,3
,,,,,,,,,,,,,,,,,,,,,,,,,,,,,,,,,3,3
,,,,,,,,,,,,,,,,,,,,,,,,,,,,,,,,,3,3
,,,,,,,,,,,,,,,,,,,,,,,,,,,,,,,,,3,3
,,,,,,,,,,,,,,,,,,,,,,,,,,,,,,,,,3,3
,,,,,,,,,,,,,,,,,,,,,,,,,,,,,,,,,3,3
,,,,,,,,,,,,,,,,,,,,,,,,,,,,,,,,,3,3
,,,,,,,,,,,,,,,,,,,,,,,,,,,,,,,,,3,3
,,,,,,,,,,,,,,,,,,,,,,,,,,,,,,,,,3,3
,,,,,,,,,,,,,,,,,,,,,,,,,,,,,,,,,3,3
,,,,,,,,,,,,,,,,,,,,,,,,,,,,,,,,,3,3
,,,,,,,,,,,,,,,,,,,,,,,,,,,,,,,,,3,3
,,,,,,,,,,,,,,,,,,,,,,,,,,,,,,,,,3,3
,,,,,,,,,,,,,,,,,,,,,,,,,,,,,,,,,3,3
,,,,,,,,,,,,,,,,,,,,,,,,,,,,,,,,,3,3
,,,,,,,,,,,,,,,,,,,,,,,,,,,,,,,,,3,3
,,,,,,,,,,,,,,,,,,,,,,,,,,,,,,,,,3,3
,,,,,,,,,,,,,,,,,,,,,,,,,,,,,,,,,3,3
,,,,,,,,,,,,,,,,,,,,,,,,,,,,,,,,,3,3
,,,,,,,,,,,,,,,,,,,,,,,,,,,,,,,,,3,3
,,,,,,,,,,,,,,,,,,,,,,,,,,,,,,,,,3,3
,,,,,,,,,,,,,,,,,,,,,,,,,,,,,,,,,3,3
,,,,,,,,,,,,,,,,,,,,,,,,,,,,,,,,,3,3
,,,,,,,,,,,,,,,,,,,,,,,,,,,,,,,,,3,3
,,,,,,,,,,,,,,,,,,,,,,,,,,,,,,,,,3,3
,,,,,,,,,,,,,,,,,,,,,,,,,,,,,,,,,3,3
,,,,,,,,,,,,,,,,,,,,,,,,,,,,,,,,,3,3